Symbol,Description,Price,Price - Currency,"Price change %, 1 day",Sector,Industry,Exchange,"Price × volume (turnover), 1 day","Price × volume (turnover), 1 day - Currency","Volume, 1 day","Price change %, 1 week","Price change %, 1 month","Performance %, 3 months","Performance %, 1 year",Market capitalization,Market capitalization - Currency,Country or region of registration,"Beta, 1 year","Volume, 1 week","Average volume, 30 days","Moving average convergence divergence, 12,26, 1 week, Level","Moving average convergence divergence, 12,26, 1 week, Signal","Moving average convergence divergence, 12,26, 1 day, Level","Moving average convergence divergence, 12,26, 1 day, Signal","Exponential moving average, 10, 1 day","Exponential moving average, 20, 1 day","Exponential moving average, 50, 1 day","Exponential moving average, 200, 1 day","Exponential moving average, 10, 1 week","Exponential moving average, 20, 1 week","Exponential moving average, 50, 1 week","Exponential moving average, 200, 1 week",Snapshot Date
PAY,"Paymentus Holdings, Inc.",34.87,USD,-4.98637602179838,Commercial services,Miscellaneous commercial services,NYSE,65905241.49,USD,1890027,20.78281953585035,44.32947019867549,22.868217054263564,23.433628318584063,4386291250.0,USD,United States,1.3985785,5683127,1337976.8333333333,0.4649067570364096,-0.8078278556006347,2.45550360702914,1.8993174197166287,31.99375229507117,29.900044002974862,27.25641542829092,27.48327319864097,27.839920649092544,26.88733167522206,27.69866980699208,24.346650393405582,2026-07-31
CRL,"Charles River Laboratories International, Inc.",234.62,USD,-0.0766609880749603,Commercial services,Miscellaneous commercial services,NYSE,220010916.46,USD,937733,3.5484155706593663,3.4525331804753354,39.93796970058453,30.992127742727924,11301113103.0,USD,United States,1.3968811,3970444,917794.4333333332,14.099121464366249,7.763299121948242,7.51534070660901,8.210935349102536,229.9290718631769,225.03303103673096,209.44152824229968,187.30968103809823,213.1157030206666,199.6028852689465,186.64501214642812,194.6047593070508,2026-07-31
VVX,"V2X, Inc.",86.75,USD,0.509790290812186,Commercial services,Miscellaneous commercial services,NYSE,58911751.5,USD,679098,3.805193251166695,16.349248927038623,29.47761194029851,78.42451665981079,2716184481.0,USD,United States,1.1443038,3662047,746373.9666666667,4.768736113828666,4.511597655296781,2.456281556411909,1.1318719669019246,83.79455713250474,81.33510725473309,78.66693294664017,69.46444782425658,79.30900481386713,75.71117111083022,67.92381897651205,54.78774481179668,2026-07-31
PAYO,Payoneer Global Inc.,7.16,USD,0.5617977528089892,Commercial services,Miscellaneous commercial services,NASDAQ,56853722.24,USD,7940464,0.5617977528089892,0.5617977528089892,42.06349206349206,8.157099697885196,2421471831.0,USD,United States,1.1395668,26061774,4554574.466666667,0.4592860118437922,0.2356852992178536,0.1457005144359566,0.1933986002230329,7.126321902157793,7.055158225749393,6.596952873345936,6.022733012776254,6.677947607061292,6.207660819075876,6.07626751727532,6.714969804964729,2026-07-31
CBZ,"CBIZ, Inc.",55.25,USD,0.6375227686703123,Commercial services,Miscellaneous commercial services,NYSE,259236591.25,USD,4692065,29.603565564156693,72.22568578553617,76.12368504941026,-27.09158089205595,2964092400.9999995,USD,United States,1.4828764,23663418,1506122.7333333334,0.906142551960258,-2.172348577821219,4.271608920837039,2.9295887497440143,46.50383886932919,42.72045815956675,37.888311162675016,40.816427004111375,39.91651991812944,37.5764825586785,43.19133788703067,52.59686508998061,2026-07-31
NSP,"Insperity, Inc.",54.03,USD,1.5983452425723983,Commercial services,Miscellaneous commercial services,NYSE,79253095.05,USD,1466835,11.747673216132368,30.791575889615103,63.57856494096276,-11.643499591169252,2062280847.0,USD,United States,1.550683,3652384,778116.7666666667,3.5247073237790616,0.7297815749605397,3.356685476813773,3.2347948818756644,50.78572313709192,48.28840341053198,42.69410609896292,40.563271882328166,44.00992357442819,39.800217406340096,42.581998104820926,69.60410873445643,2026-07-31
ADT,ADT Inc.,7.51,USD,1.3495276653171342,Commercial services,Miscellaneous commercial services,NYSE,81863468.45,USD,10900595,6.676136363636361,15.538461538461537,-1.1842105263157876,-9.843937575030017,5095555782.000001,USD,United States,1.0745173,37793910,8571794.766666668,-0.153288604556363,-0.2586406771405083,0.1633438836215264,0.0945515434427202,7.161715423232463,7.005314097022628,6.896205245044248,7.292831796715641,6.973986088692299,7.036136723937171,7.384620412303094,7.529296393487521,2026-07-31
TAL,TAL Education Group,12.34,USD,13.3149678604224,Commercial services,Miscellaneous commercial services,NYSE,140970827.28,USD,11423892,19.80582524271844,28.94461859979101,10.97122302158274,24.14486921529176,6829453898.0,USD,China,1.114393,34691645,4097782.233333333,-0.125859793966736,-0.290119032869096,0.3399321607082779,0.190189617969888,10.785700750671202,10.458139415504036,10.275302273809205,10.703345816513698,10.504563290492792,10.540292707367398,10.76152132464674,12.614238933331542,2026-07-31
XYZ,"Block, Inc.",82.59,USD,0.4989048430274964,Commercial services,Miscellaneous commercial services,NYSE,308703332.79,USD,3737781,7.051198963058973,8.671052631578952,15.607502799552078,6.2865967440962685,49156223677.0,USD,United States,1.9449924,17937818,5350521.066666666,3.8279372527335767,2.710968363468798,1.7756362328560158,1.6505139301751162,80.5499469086919,79.22397501108216,75.91351675037441,70.04653225913215,76.57822227617326,73.09566766413602,69.94990600483465,76.25393316186081,2026-07-31
ICLR,ICON plc,165.53,USD,-7.099562240431028,Commercial services,Miscellaneous commercial services,NASDAQ,293671738.9,USD,1774130,-0.13875482625482,-4.708997754878825,38.333611900384426,-10.707735462293664,12674189942.999998,USD,Ireland,1.5474453,5914774,969569.9333333332,7.4324712843497025,1.472911202522899,4.638867922618744,5.5431912896383535,170.52552344622643,167.8048506944383,155.9732567717516,149.41464268258625,157.20089307452,148.22759346831037,152.6505220355797,193.52862196912108,2026-07-31
CPAY,"Corpay, Inc.",390.12,USD,-0.6949217258495655,Commercial services,Miscellaneous commercial services,NYSE,257865418.8,USD,660990,5.272815586378115,17.05824106580251,26.048465266558967,17.587485306085547,25498990190.0,USD,United States,1.1926987,2987385,690606.9333333333,14.795097254008796,10.394226258748043,10.036791448760653,7.229502245610455,376.83338965525377,368.09323108961433,354.7282043272279,331.3202943095122,358.5164395508658,345.34620998856576,330.38933166643915,298.9599376646661,2026-07-31
SWK,"Stanley Black & Decker, Inc.",95.55,USD,2.686727565824825,Consumer durables,Tools & hardware,NYSE,335028589.35,USD,3506317,4.700854700854692,1.519337016574578,21.54942119323241,39.489051094890506,14429641114.000002,USD,United States,1.2546331,13513587,1858277.433333333,4.376431946619931,2.902042624788836,2.072265811073649,1.6957440906837082,91.94659164689791,90.32832431239216,86.53933238471714,79.98945828423851,88.2602418051979,84.29095505492339,80.17684081587649,90.54718773948888,2026-07-31
RACE,Ferrari N.V.,397.73,USD,3.1216780315797714,Consumer durables,Motor vehicles,NYSE,463573803.77,USD,1165549,10.437607597045602,6.833382578097718,14.652637647737112,-20.91585142766245,94031652960.81494,USD,Italy,1.4458505,3355367,503195.7,1.8862248423160963,-4.943924175320502,5.926976495388772,4.595800383954815,380.40736299782577,375.6794133836586,365.9851478259767,373.7541481325568,369.77526819017913,364.3036818521442,379.39567020396646,363.92063915323007,2026-07-31
AS,"Amer Sports, Inc.",36.1,USD,0.1109262340543514,Consumer durables,Recreational products,NYSE,133763857.0,USD,3705370,6.426886792452829,6.678486997635927,2.995720399429399,-6.014058838844039,20875610720.0,USD,Finland,1.4582608,15238231,3833687.8333333335,-0.0178791346304763,-0.0700934304301337,0.212141769191426,0.0663506617781918,35.308236557868646,35.08217100905349,34.9788842455848,34.83298316827335,35.24475580075183,35.25699999699025,34.448965010822974,,2026-07-31
SN,"SharkNinja, Inc.",163.33,USD,2.5813340032659298,Consumer durables,Electronics/Appliances,NYSE,160085286.22,USD,980134,9.912516823687763,7.263413673080713,41.15461066459253,36.952876069092746,23114522370.000004,USD,United States,1.2702686,5029520,1547945.9,11.962052691107743,8.147969030364957,5.2288048718938,4.924767601860322,154.88349218849822,151.1160984333762,140.76678326225667,121.21514081716616,144.50215559097524,133.77693602599632,119.77806253598328,,2026-07-31
GM,General Motors Company,88.4,USD,-1.1185682326621922,Consumer durables,Motor vehicles,NYSE,550651998.0,USD,6229095,6.969990319457896,14.68604047742606,14.62655601659751,68.73449131513648,77566717306.0,USD,United States,1.1661267,37465458,8375385.333333333,2.090678098620458,1.8295864662972103,2.472891855379572,1.0600237973832205,84.60293559108575,82.08028392953037,80.1511755771877,74.95984778189869,80.58909998855546,79.1001539874323,73.48017434492685,56.33746590256189,2026-07-31
PII,Polaris Inc.,68.19,USD,1.3525564803804944,Consumer durables,Recreational products,NYSE,51377687.31,USD,753449,-6.640197152245356,-0.3652834599649328,2.850678733031675,15.870858113848762,3880251338.0,USD,United States,1.2419001,5335365,913800.8333333334,2.456937343774783,2.0848596592976483,0.7166995268073606,1.0913436839010555,70.76092888131951,70.37904267120511,68.55423874805767,63.91805585189011,68.88947436403862,66.88132540526047,63.74331389312594,74.92458373394734,2026-07-31
F,Ford Motor Company,14.86,USD,-2.7486910994764395,Consumer durables,Motor vehicles,NYSE,891982808.4599999,USD,60025761,3.409881697981908,6.9064748201438775,23.2172470978441,33.573033707865164,59257865677.0,USD,United States,1.7489074,292844287,56076475.4,0.4461510885441129,0.4078802144669025,0.2108867291802276,0.0865423873444923,14.605965218431598,14.391447929587915,14.12364803109068,13.218089553101205,14.23316114238768,13.886119331187055,13.138820056567228,12.266629310412368,2026-07-31
PVH,PVH Corp.,87.01,USD,-1.5055467511885876,Consumer non-durables,Apparel/Footwear,NYSE,73762553.48,USD,847748,8.20793433652532,17.169404793967143,-5.874080484638677,14.728375527426165,4011865293.0,USD,United States,2.0693514,3559804,975639.6,1.4159321185234148,1.633604888679572,1.7592074864056713,0.4195697802845276,83.12252058402416,81.1031551769786,80.6389648072276,78.80815266426413,81.01082758315601,80.03610560395066,78.95224233124388,85.0828871014463,2026-07-31
ASH,Ashland Inc.,72.7,USD,-0.1922020867655142,Consumer non-durables,Food: specialty/candy,NYSE,52609718.5,USD,723655,9.48795180722891,10.33540749734406,36.34658664666167,43.96039603960397,3329177807.9999995,USD,United States,1.1139662,5518766,966776.4,3.3812058141772,2.1014386332603503,1.770848313083917,1.505984169063857,69.0659895720852,67.7014105399744,64.51392028463225,59.73355296117946,65.69512842727815,62.55676776008749,60.12633961815204,70.91918836817818,2026-07-31
ELF,"e.l.f. Beauty, Inc.",82.26,USD,1.681087762669962,Consumer non-durables,Household/Personal care,NYSE,143239502.52,USD,1741302,6.334022750775602,11.162162162162168,30.364500792393034,-31.915245820228428,4848160906.0,USD,United States,2.2825005,8685576,2802222.066666667,-1.4911576253206815,-5.173546452130162,4.035475063967823,3.9393110038257126,79.87393785159554,76.88152135502415,71.15897219599556,78.09307872018553,72.0266618726445,71.21160833314971,80.7872455122887,91.45552917912754,2026-07-31
SHOO,"Steven Madden, Ltd.",47.83,USD,10.2073732718894,Consumer non-durables,Apparel/Footwear,NASDAQ,102083808.15,USD,2134305,11.883040935672511,13.610451306413292,26.90368798089679,107.14595062797748,3495676440.0,USD,United States,1.2250249,5295599,1168117.7666666666,1.887612088792871,1.5359494135116745,0.7161314270581087,0.316658706245947,43.97655172105185,43.27355467320303,42.27921606523431,39.12476256880543,43.23093759008543,41.68957329180522,38.99872746245583,36.84496850472719,2026-07-31
CROX,"Crocs, Inc.",123.66,USD,-7.384661473936499,Consumer non-durables,Apparel/Footwear,NASDAQ,371858233.32,USD,3007102,-8.209619952494064,2.5033156498673708,21.294752329573317,18.56184084372004,6144622013.0,USD,United States,1.0222006,6320970,1105616.2,10.905007924310851,9.387876291600952,2.428576880983286,3.5995180827861426,132.1443955775461,130.95611535583774,123.82018952324697,105.33617579218009,124.70896432396638,115.6229343611041,104.74513222725233,100.29204947161058,2026-07-31
CCL,Carnival Corporation Ltd.,27.77,USD,-0.1438331535418883,Consumer services,Hotels/Resorts/Cruise lines,NYSE,656991518.63,USD,23658319,5.469046714774027,-2.8001400070003526,4.280886218550509,-7.247828991315971,38035158076.0,USD,United States,1.1719328,92131679,21888636.83333333,-0.1648351126837646,-0.1425124862800325,-0.0972034350941797,-0.3041245566338507,27.11229062715439,27.109462137830075,27.28790115573593,27.43369014637969,27.46158273487146,27.60037298241197,27.3320418620242,23.775518579570225,2026-07-31
CMG,"Chipotle Mexican Grill, Inc.",38.52,USD,12.500000000000004,Consumer services,Restaurants,NYSE,1370709855.36,USD,35584368,21.170179301667204,13.294117647058831,13.294117647058831,-13.301823092505057,49410914606.0,USD,United States,1.4391764,81577772,19330225.166666668,-0.5017507319114998,-1.185629629824253,0.4706934359406105,0.2772733996836648,34.35340621857267,33.94578108987632,33.43096067941734,36.08791712370536,34.294637017914056,34.28012977720912,37.24799833174484,41.01319378848444,2026-07-31
SBUX,Starbucks Corporation,105.85,USD,1.6420203572114402,Consumer services,Restaurants,NASDAQ,2478766085.4,USD,23417724,2.518159806295394,3.5815637537919525,0.1419110690633789,8.20342448249424,120668998260.0,USD,United States,1.0583913,48543902,7703944.933333334,3.114308988960971,3.074214257819067,0.4359392735523499,0.638365051345283,104.4060267667346,104.20395472682752,102.91912254027888,97.3032403495252,103.5422245922564,101.2210109622952,96.76506339682476,93.22311309816638,2026-07-31
VIK,Viking Holdings Ltd,104.45,USD,1.743619715565952,Consumer services,Hotels/Resorts/Cruise lines,NYSE,145790787.75,USD,1395795,3.713633204249836,-0.2101843890321953,26.744327144763997,77.96898960640657,46601108812.0,USD,Bermuda,1.0411407,8346898,2359725.4,8.229940418583155,7.3531656687425295,1.8453011588692616,1.5961528631111868,101.75956391507216,100.40426312101933,95.94803053773713,79.97993708117704,96.96421213160788,90.47514778732156,77.55324880741664,,2026-07-31
CAKE,The Cheesecake Factory Incorporated,101.31,USD,0.1680838441763908,Consumer services,Restaurants,NASDAQ,239844738.54,USD,2367434,19.58215297450425,27.369876791551413,62.6163723916533,53.5,5033624082.0,USD,United States,1.1750973,10861036,1573147.433333333,8.542389705196157,5.635473426290353,5.373248467563144,4.013771085363087,90.55839424578802,86.05260227444617,78.16275424770362,64.99434067965842,81.54011345084301,73.80134609972951,64.47508882488704,50.50211354766055,2026-07-31
PENN,"PENN Entertainment, Inc.",20.515,USD,-3.231132075471692,Consumer services,Casinos/Gaming,NASDAQ,60722697.255,USD,2959917,0.1708984375000007,-3.955992509363291,16.76152532726238,10.831982712047536,2745796624.0,USD,United States,1.3578622,9159068,3484106.2666666666,1.503147464154743,1.2945124735430666,0.1321314683228749,0.2014781112503317,20.861087173612702,20.825719002776477,20.0244159649126,17.59069578441549,20.105162742020703,18.827269624946315,17.55347688654736,22.610244497440263,2026-07-31
AMC,"AMC Entertainment Holdings, Inc.",2.77,USD,0.7272727272727278,Consumer services,Movies/Entertainment,NYSE,86739497.46,USD,31313898,22.026431718061676,45.789473684210535,82.23684210526315,-6.418918918918917,2472514764.0,USD,United States,3.7330518,182722627,55814221.20000002,0.1519667842401122,0.036190569024865,0.1794778151385689,0.1058505453892156,2.458319277682727,2.2926340097846336,2.06331837488243,2.018624762303725,2.1304472502076197,1.9470373250273296,2.20161718848938,19.32873102733544,2026-07-31
SIRI,SiriusXM Holdings Inc.,30.97,USD,-4.970849953973625,Consumer services,Broadcasting,NASDAQ,240797541.39,USD,7775187,3.926174496644289,4.840893703452944,13.651376146788987,32.91845493562231,10425119127.0,USD,United States,1.2300907,23252024,4328330.133333334,2.0303475175161374,1.7868538893681247,0.6434798620659592,0.6123346842045867,30.963396904911058,30.490376271074503,29.18809626824414,25.654432454805622,29.27356498448721,27.61999052574474,25.50113170698351,33.24486471632194,2026-07-31
ARW,"Arrow Electronics, Inc.",212.85,USD,3.8545986826055167,Distribution services,Electronics distributors,NYSE,109922125.5,USD,516430,0.2732369152494389,-0.2624056979522994,9.903444002684983,64.22343954941746,10883860604.0,USD,United States,1.3481634,2254170,586993.2,18.71047520094305,20.487690506169837,-0.2020335073977435,-0.7237852699540028,210.682994474484,210.6636983844935,207.58264688710508,170.90642140577842,208.1713560464788,194.9776741103657,165.85180730830166,132.05735678535564,2026-07-31
ST,Sensata Technologies Holding plc,47.99,USD,4.326086956521744,Electronic technology,Electronic equipment/Instruments,NYSE,186818975.27,USD,3892873,4.987967621964562,0.5236698785085881,15.028763183125609,54.01155327342748,6984266077.0,USD,United States,1.2302474,12386332,1835586.7666666664,2.951606091898178,3.344176509739944,-0.1343675580845982,-0.4911086056707521,46.265438801666456,46.217947898555,46.08513122928797,40.24162250834293,46.355202544863765,44.34076988789343,39.4422717031074,37.84890165268237,2026-07-31
ITRI,"Itron, Inc.",98.85,USD,-3.400762239812376,Electronic technology,Electronic equipment/Instruments,NASDAQ,150202970.4,USD,1519504,17.371170743291376,14.23783658846642,16.362566215420824,-27.53995015393637,4328320626.0,USD,United States,1.12992,13182889,980736.1,-2.535187865509812,-4.4722653897571245,3.5696478462947425,1.676291773399338,92.41379713901264,88.88413067733248,86.41169278672623,93.82673359439336,87.0406313848492,87.92588880682905,94.8841707847701,91.88117199874736,2026-07-31
AAPL,Apple Inc.,333.43,USD,-1.407492829474553,Electronic technology,Telecommunications equipment,NASDAQ,24944668856.73,USD,74812311,0.1231157287850654,15.230163118606576,19.5711032615517,57.35623775926756,4897205151987.0,USD,United States,1.1637026,232371971,61521625.86666708,17.355006023115436,13.659392452805184,9.24065288769998,8.597491074834535,331.3100234917065,324.0885246049004,309.9382444620776,278.7601869221227,313.8971803915449,299.3485829492758,275.1448884420644,219.35966521646787,2026-07-31
LOGI,Logitech International S.A. - Registered Shares,101.57,USD,-1.378774638314401,Electronic technology,Computer peripherals,NASDAQ,192677274.3,USD,1896990,-3.9799584042352127,8.007230965546562,2.306607574536656,6.000834898768525,14333739128.81568,USD,Switzerland,1.7680271,9727794,1217382.0,1.0752130685036008,1.431589276033814,0.4351299315106018,-0.1189439402492234,104.1338769319873,103.467670942808,103.45799747937028,100.97599698862736,103.1986764184045,102.4942953672946,100.27635665499102,88.40135705565811,2026-07-31
EMR,Emerson Electric Company,148.64,USD,1.9968434776641717,Electronic technology,Electronic equipment/Instruments,NYSE,432699958.4,USD,2911060,0.4731647965391298,3.835137967167293,5.396015032262628,0.6705045716220661,83253260029.0,USD,United States,1.3660812,12087922,2782354.0,1.8488876511625565,1.3181572893944635,1.923404937633052,0.6998747103329497,145.3384087706402,143.3317711662221,141.80744378705575,138.54981540187993,143.24403005910494,141.72254207101287,137.62345515248128,117.41749495910832,2026-07-31
AXON,"Axon Enterprise, Inc.",525.3,USD,-1.1106927710843544,Electronic technology,Aerospace & defense,NASDAQ,325385528.4,USD,619428,4.570609547318545,-6.298496280836956,28.510617477248253,-27.916678101929367,42340272321.99999,USD,United States,1.2363596,3262487,1027489.5666666668,-0.3911877266338592,-18.62352304884488,6.520299586664237,11.274171635274328,525.7825663819074,524.33742012221,499.7355854605827,516.2242892787096,498.0698647203161,487.965733448809,520.8312048770312,432.9113040799342,2026-07-31
NTAP,"NetApp, Inc.",173.98,USD,0.4329504127460601,Electronic technology,Computer peripherals,NASDAQ,347323407.18,USD,1996341,3.720042923572183,12.419229775135694,56.82350820263205,64.1320754716981,34140837141.000008,USD,United States,1.2170334,10267413,2894150.6666666665,16.330911646840406,13.268923214676771,4.130169088335606,3.697540688412949,169.49708006542517,166.4659064051569,156.20922633403603,128.5548376374786,158.74072800447513,144.8134913496777,127.09316775464674,104.47780233092207,2026-07-31
VSAT,"ViaSat, Inc.",77.6,USD,10.557059410172384,Electronic technology,Telecommunications equipment,NASDAQ,170779829.6,USD,2200771,8.22873082287307,-13.59536799910924,16.481537075953153,427.5322909585315,10689824875.000002,USD,United States,2.897251,7585703,2684712.4,7.92995943994643,8.288997833599028,0.7881212492764149,0.6445442979719719,73.50032975089226,72.90406532917906,70.59130367890579,54.29992720865335,71.60173420543236,65.99997579233607,51.61622750783648,35.36831105344519,2026-07-31
AEG,Aegon Ltd. New York Registry Shares,9.44,USD,4.656319290465631,Finance,Multi-line insurance,NYSE,56197613.28,USD,5953137,3.395399780941935,11.848341232227488,14.702308626974473,31.47632311977716,14074096050.6237,USD,Netherlands,1.1286759,25823464,5381781.266666667,0.4015420070058404,0.304471259241128,0.1801821028626573,0.1631024939914386,9.125840811895898,8.984865848083091,8.690447594619327,8.00077763435317,8.792284712866309,8.447690876582154,7.913001584035515,6.608540615261652,2026-07-31
MUFG,"Mitsubishi UFJ Financial Group, Inc.",22.5,USD,2.55241567912488,Finance,Major banks,NYSE,101673202.5,USD,4518809,-1.7038007863695963,13.122171945701355,26.47554806070827,59.12305516265912,246826436100.00003,USD,Japan,1.0144931,15236879,3429812.1666666665,1.3597143026169682,1.0755531497196429,0.5734589879061396,0.6116400476929029,22.304562341823004,21.903060343650903,20.830856902701264,18.23191563122175,21.045392134770804,19.91569238199209,17.87209441314277,12.780580027962024,2026-07-31
DAVE,Dave Inc.,377.64,USD,-0.3562099263832878,Finance,Major banks,NASDAQ,232571104.56,USD,615854,-6.248603559991066,1.3553772242948043,37.8147580468579,70.66931802774889,4801408274.000001,USD,United States,2.2610633,1830647,540179.1666666666,50.7862605981926,37.35484106422105,15.771128286870578,25.551479826820824,401.0582335454933,394.440677445152,350.6713919672022,259.6466337823814,355.81225771213684,311.166487137044,250.5132200390862,165.05871856974863,2026-07-31
HSBC,"HSBC Holdings, plc.",107.09,USD,4.3762183235867536,Finance,Major banks,NYSE,179949431.13,USD,1680357,3.5686653771760133,12.619623514565149,16.7447945056143,70.05160778086542,367140272257.9015,USD,United Kingdom,1.2532197,5169320,1310854.5333333334,5.889463609600881,4.991381116945766,2.567293144314121,2.2206135135890466,102.91371703716004,100.86350520330892,96.95935684658082,85.60406500149048,98.4419238608982,93.7928626182908,83.57366266695216,59.41820703710146,2026-07-31
EQH,"Equitable Holdings, Inc.",48.88,USD,1.0961737331954522,Finance,Life/Health insurance,NYSE,123924437.52,USD,2535279,1.8333333333333384,11.3947128532361,14.876615746180978,-5.6188453369376266,13342195171.999998,USD,United States,1.3653489,11286826,3152164.933333333,1.0121887222059698,-0.0476648832763262,1.1151164060047591,1.214395587348579,48.40688158738141,47.6413522926031,45.631715834561405,44.85730605691913,46.05438835906244,44.7171553097905,45.1548234316556,40.844114764561546,2026-07-31
MC,Moelis & Company,68.35,USD,4.7509578544061215,Finance,Investment banks/Brokers,NYSE,101957489.95,USD,1491697,2.01492537313432,4.478752675022917,5.380820228183772,-4.285114129673719,5564951656.0,USD,United States,1.3226016,4830035,966755.6666666666,0.5756939295920773,0.1681047837128386,0.1508561744973917,0.1132065767999412,67.18257268232286,67.06486129683041,66.575407615956,65.8601719387317,66.60347371784621,65.93979286958849,65.70169118386579,59.85509807148384,2026-07-31
SAN,"Banco Santander, S.A. Sponsored",14.11,USD,5.455904334828091,Finance,Major banks,NYSE,193183100.09,USD,13691219,4.209748892171347,2.2463768115941933,15.750615258408532,61.99770378874855,207123595132.08868,USD,Spain,1.6223574,40674711,9145641.566666644,0.6911526592373622,0.5973122838526216,0.1420148573811328,0.1588890895790076,13.729685563505262,13.645870238766983,13.24950764680435,11.8054688797345,13.369022858891958,12.82845250413138,11.491190510210812,7.630172762628659,2026-07-31
CRBG,Corebridge Financial Inc.,31.96,USD,0.6614173228346484,Finance,Life/Health insurance,NYSE,127185267.44,USD,3979514,2.14125918823906,11.631156129933643,15.005397625044989,-10.688836104513053,14246763575.0,USD,United States,1.2420957,17262437,4147020.466666667,0.722359098307809,0.0183928849586461,0.787701346091815,0.8218195233793957,31.58642540764219,31.02832756107966,29.65497867557685,29.036304337506984,29.98431414578319,29.064254264281665,29.245764450479303,26.322241399602067,2026-07-31
JXN,Jackson Financial Inc.,121.9,USD,1.1954175659970214,Finance,Life/Health insurance,NYSE,62848348.7,USD,515573,2.196512407780017,19.05459517531009,3.348876642645191,38.11466122818944,8501684365.000001,USD,United States,1.0238789,2175290,656096.3666666667,3.4211777645561483,2.1021120203516284,3.1867207126784365,3.433196620069001,120.87291967053032,118.55828558041053,114.153918533603,107.34086254217226,114.83208168107448,111.83368658086027,105.84549672773171,75.86083663667867,2026-07-31
UBS,UBS Group AG Registered,53.39,USD,3.0694980694980765,Finance,Investment managers,NYSE,143256955.63,USD,2683217,3.189022033243136,7.728006456820012,22.6228755167662,40.407626561472725,161660796992.9519,USD,Switzerland,1.3716835,9231714,1876679.6333333333,2.9522589702067847,2.3193250045796625,0.7359710552770977,0.901399174172632,52.35268858125882,51.92555275446351,49.94731321676641,44.48599766699801,50.36779575720527,47.87242472310353,43.72028566543864,33.24278813960347,2026-07-31
RYAN,"Ryan Specialty Holdings, Inc.",44.09,USD,-5.141996557659194,Finance,Insurance brokers/Services,NYSE,114375853.05,USD,2594145,5.604790419161685,16.763771186440692,47.4088933467068,-27.99281398007512,11624743807.999998,USD,United States,1.050674,13116379,2368701.8,-0.7532224053605674,-2.6718260377666176,1.9226267985992465,1.719831856214335,43.13359692824548,41.64663991846572,38.93203378739922,42.92084266132094,39.61947511779592,39.11508890651603,44.50566879476743,47.72139882966994,2026-07-31
DB,Deutsche Bank AG,37.03,USD,4.398082886946722,Finance,Investment banks/Brokers,NYSE,81736281.97,USD,2207299,6.837853433352582,9.686018957345985,19.760672703751617,11.738080869040436,69367524651.09511,USD,Germany,1.6438668,9450206,2248119.2666666666,0.5373565636906577,0.0195040425692243,0.4139067841242436,0.4143008175342319,35.58090464539124,35.30329260749794,34.43353362687924,33.377130360106754,34.717216865792814,34.09411271791856,32.91975855627998,23.886684886528386,2026-07-31
HRI,Herc Holdings Inc.,145.92,USD,2.027688435183874,Finance,Finance/Rental/Leasing,NYSE,79320215.03999999,USD,543587,-10.2527830739898,1.799916282963572,14.36632964965905,17.667930005644692,4878316550.0,USD,United States,1.5717263,3275741,624027.0,4.803263144804362,2.174083742889622,2.1771771165713005,2.953548951267547,150.29971500300334,149.05491061152085,143.7259743197958,137.724754710327,145.65688217568433,140.66655413138506,138.7572659070825,135.1444532323596,2026-07-31
BLK,"BlackRock, Inc.",1098.37,USD,1.7772588700784695,Finance,Investment managers,NYSE,685645390.43,USD,624239,4.044824613752386,14.227921294562998,2.6629154671551745,-1.694262955338769,178597508156.99997,USD,United States,1.110263,3488363,905685.0333333332,1.7373273093369337,-5.753462267307661,16.767681730584627,11.461863215541015,1068.8872618265364,1053.4338457868307,1039.9672044073122,1042.960194240587,1047.829600513004,1043.1551162284034,1041.1859089885609,917.7670235094484,2026-07-31
COMP,"Compass, Inc.",11.46,USD,-1.2919896640826751,Finance,Real estate development,NYSE,78994077.96000001,USD,6893026,3.523035230352309,-7.055961070559605,49.60835509138382,54.86486486486487,8678377364.0,USD,United States,1.7792021,46203136,14664502.666666666,0.6636975186078953,0.2935870843556754,0.2925764619198627,0.436085911263355,11.563371851713908,11.440883364106632,10.58069605681484,9.419155816706462,10.71050452010459,10.042053512070082,9.294576719589603,7.68923672223982,2026-07-31
BFH,"Bread Financial Holdings, Inc.",110.62,USD,3.3928404523787363,Finance,Finance/Rental/Leasing,NYSE,78488982.94,USD,709537,6.049276195954369,2.095062298107993,29.017961278283195,76.20261229690985,4249939704.0,USD,United States,1.0928972,3268954,740867.1333333333,8.486263490366554,7.433220714225596,2.448742057375597,1.6178522842969372,105.13214414616594,103.04620834914056,98.40770173630855,82.65704869157466,100.01587419814302,93.2428683881541,80.74368397990155,64.13089357175434,2026-07-31
LYG,Lloyds Banking Group Plc,6.25,USD,6.473594548551957,Finance,Major banks,NYSE,91536637.5,USD,14645862,3.8205980066445258,7.204116638078902,15.955473098330248,47.40566037735848,90392073564.4237,USD,United Kingdom,1.3045937,73163018,19369838.1,0.245167789789618,0.1832345962974809,0.0998177583796078,0.1086915127178854,6.03996821699455,5.973313403744734,5.779655887722278,5.296662696467995,5.847173439844213,5.643945755189501,5.190363592458419,3.825151085285888,2026-07-31
NWG,NatWest Group plc,18.53,USD,5.403868031854397,Finance,Major banks,NYSE,90676499.41,USD,4893497,3.1163049526989552,5.104934770277947,21.50819672131148,31.139419674451524,73214713458.28151,USD,United Kingdom,1.4368223,21289586,4910489.7,0.6049039859941452,0.362673115406965,0.2817940558038643,0.3122045065535659,17.986935319191296,17.803897088290952,17.22327200802214,16.09340611996135,17.422891153514563,16.874069716946735,15.840994985570234,11.604476909770527,2026-07-31
JEF,Jefferies Financial Group Inc.,55.09,USD,-0.0181488203266751,Finance,Investment banks/Brokers,NYSE,99035623.54,USD,1797706,-1.3784461152882133,10.224089635854355,14.152507252382938,-6.468590831918498,12701124702.0,USD,United States,1.8891366,8096162,2461590.4333333327,0.6376946924173055,0.0154835913411538,0.3600764735123221,0.2603117740153289,55.553484252368726,55.24565091132868,54.31046290974464,53.81943612642615,54.12493074331405,53.24117355756849,53.98758297206375,49.08553027269064,2026-07-31
WAL,Western Alliance Bancorporation,81.25,USD,0.6815365551424996,Finance,Regional banks,NYSE,58621875.0,USD,721500,-2.237997834195644,-1.155717761557181,-0.2455494168201385,0.5693773981928378,8871310186.0,USD,United States,1.2528905,3204003,1105120.3,0.2981598194435975,-0.1959391878047688,0.3654862016442877,0.4713606778496718,82.01911085825628,81.80516824269455,80.95956610739795,80.70163535926838,81.1925481105249,80.7146204205628,80.62043235774149,74.56877552212394,2026-07-31
SMFG,Sumitomo Mitsui Financial Group Inc Unsponsored,25.78,USD,3.285256410256411,Finance,Major banks,NYSE,52115301.2,USD,2021540,-1.527883880825052,9.329940627650563,22.470308788598576,66.21534493874921,159391779595.80038,USD,Japan,1.2637644,7885575,1946481.4666666663,1.5798841127147476,1.3567052732531786,0.4179113711265891,0.5359543000957501,25.673919920931397,25.43343255376991,24.402841985047832,21.271256697030555,24.602735922846755,23.344037763251205,20.815602955057354,14.909025962081834,2026-07-31
JLL,Jones Lang LaSalle Incorporated,361.72,USD,6.388235294117656,Finance,Real estate development,NYSE,263230516.68,USD,727719,11.144569058227082,16.70269398290048,12.387758272487185,31.29582577132488,16781483557.0,USD,United States,1.0781549,2139196,421191.06666666665,5.925472965877816,1.200117720207075,8.713983665827925,6.414948616770095,336.56017576629824,329.10116861833365,319.3965633519698,309.9983671783752,325.09891466716226,318.97086003383623,307.8084649365699,250.96283874680643,2026-07-31
ITUB,Itau Unibanco Banco Holding SA,8.44,USD,3.5582822085889463,Finance,Major banks,NYSE,107563301.48,USD,12744467,1.932367149758456,3.3047735618115004,-2.540415704387998,40.43938611801128,95274629946.95853,USD,Brazil,1.1675067,64290325,20738994.80000001,0.1062784411042265,0.1236416218070281,0.0603431362641941,0.0784267470814489,8.331084319933682,8.293723500395958,8.222457724859686,7.890557478913021,8.244521852254808,8.19277496418059,7.752600620796183,6.272178178243537,2026-07-31
VNO,Vornado Realty Trust,40.15,USD,-1.2300123001230012,Finance,Real estate investment trusts,NYSE,61409746.2,USD,1529508,1.0825780463242691,2.162849872773541,33.87795931977326,0.7781124497991846,7552124861.0,USD,United States,1.3075261,7508542,1726180.1,2.224001957580356,1.235181856163473,0.709762563599881,0.800324566740011,39.817383987926696,39.38950265894349,37.3671202576338,34.49152036684813,37.93262614576354,35.68484460760646,34.69907250525189,34.78167559547778,2026-07-31
GPN,Global Payments Inc.,86.84,USD,-1.6200294550809933,Finance,Finance/Rental/Leasing,NYSE,240924988.2,USD,2774355,7.315867523479983,19.68026460859978,19.12208504801097,4.000000000000004,23754515457.000004,USD,United States,1.5882947,12771621,3489111.433333333,1.4245907255895105,-0.6729227840785487,3.84476739669806,3.083243957921121,83.19485035307969,79.97032602302758,75.44562143956936,75.66117768597265,76.72463513509761,74.59678809276687,77.02387310889658,98.29307798253362,2026-07-31
BBD,Banco Bradesco Sa,3.59,USD,1.4124293785310684,Finance,Major banks,NYSE,149936306.92,USD,41764988,-0.2777777777777842,3.45821325648414,-6.994818652849741,29.136690647482016,35675843461.930504,USD,Brazil,1.0824876,98922031,34159894.06666667,-0.0103069818872496,0.0026607074184256,0.0310863692980576,0.034878809427341,3.6001019318416323,3.5761846822483103,3.5649352374659373,3.51394141776735,3.559214049954826,3.582093123399977,3.45631319158372,3.2345124477236644,2026-07-31
NU,Nu Holdings Ltd.,14.49,USD,3.2051282051282133,Finance,Regional banks,NYSE,715408235.01,USD,49372549,2.838892831795602,8.458083832335335,-1.1596180081855385,15.091342335186658,69993719112.0,USD,Brazil,1.3115345,224289293,88219814.76666667,-0.3557922384363277,-0.5428996314623534,0.3469413138888111,0.3312525749968663,14.237981865247548,13.965667019828029,13.654772123069296,14.261553480715197,13.6834252558678,13.888173523621012,14.199366543472676,11.076723695498885,2026-07-31
BCS,Barclays PLC,27.7,USD,6.333973128598842,Finance,Investment banks/Brokers,NYSE,133362204.0,USD,4814520,-0.7524184879971367,3.127326880119136,18.274978650725863,38.77755511022043,92764935456.84612,USD,United Kingdom,1.5181204,31704796,5404273.1,1.3237340823834778,0.9919687411279374,0.2978477905807786,0.487448130824867,27.475526761773764,27.365167288230264,26.39262280784217,23.79386941574506,26.665299247219718,25.545552697166134,23.29960063482884,16.312052058791643,2026-07-31
IVZ,Invesco Ltd,29.42,USD,4.809405058781622,Finance,Investment managers,NYSE,129287013.76,USD,4394528,-1.703975943869021,11.481621826449416,11.905667554203127,35.45119705340701,13041786914.0,USD,United States,1.3031615,26693252,5512782.933333334,1.1972849981811606,0.9950572542411872,0.4659421405717161,0.5685894247581647,29.36977847795957,29.06170973083511,28.196872416319668,25.69001626613744,28.403081145439675,27.451614559084597,25.20728470234033,20.775632211924343,2026-07-31
COF,Capital One Financial Corporation,210.14,USD,0.6851612284988637,Finance,Major banks,NYSE,863800223.16,USD,4110594,3.598895681325174,4.745289602233068,9.11828850347906,-1.7624234491141182,128917695970.0,USD,United States,1.2413692,18310743,4650082.1,-0.0789752822600746,-3.131016917550537,3.0287329086264947,2.9873145600904927,207.05152636483243,204.8755249448697,199.99014424516704,201.27076409513376,201.30146071528705,199.90827133778947,201.1157883797516,169.81399632094656,2026-07-31
ING,"ING Group, N.V.",34.94,USD,7.474623192863734,Finance,Major banks,NYSE,100839215.92,USD,2886068,6.427048431312822,11.344805608667938,22.082459818308863,48.74414644529588,97071586533.3006,USD,Netherlands,1.4470474,10291769,3288303.3,1.654941515302852,1.308644860062521,0.6264276154121973,0.5619399549555198,33.21307196599612,32.73428993808014,31.61431289673234,28.481969863120984,31.99793917035424,30.634374976551136,27.904615771359783,20.6405240761108,2026-07-31
NP,Neptune Insurance Holdings Inc.,31.66,USD,-9.826260324693818,Finance,Insurance brokers/Services,NYSE,69401126.16,USD,2192076,4.695767195767202,0.5079365079365084,24.44968553459119,30.71841453344344,4344799788.999999,USD,United States,1.7912198,5326512,999381.0666666668,1.517896478285877,0.9905139889215436,0.6435554801203338,0.6282216596987447,31.69987334733314,31.25940211192112,29.806281256765786,26.366794775603683,30.047579183619757,28.576899269212905,,,2026-07-31
BBVA,Banco Bilbao Vizcaya Argentaria S.A.,27.6,USD,7.560405300077948,Finance,Major banks,NYSE,87264990.0,USD,3161775,6.358381502890182,10.135674381484447,26.896551724137936,79.57059206245935,153715807400.08548,USD,Spain,1.3084205,6788959,1336263.566666667,1.2300990854374485,0.8774834954296286,0.5900828512738521,0.5301067407069648,26.18024684720335,25.7337924275273,24.70883175371492,22.28765391613612,25.08175153152344,24.04232603785401,21.7998190898817,14.735848832198222,2026-07-31
UNH,UnitedHealth Group Incorporated,421.47,USD,0.2139952921035818,Health services,Managed health care,NYSE,1538594358.21,USD,3650543,0.1735038265912483,1.4050958785458296,13.310571029142933,59.1654078549849,382755599521.0,USD,United States,1.2460164,19447872,6089457.2,27.39573499542786,22.92485648382976,3.618765484764879,5.491662472642666,423.5003043386541,422.0702406128232,406.7786482372592,365.9475001720455,409.6017250132987,386.0230675436353,368.3757088497488,413.7529222132404,2026-07-31
NEO,"NeoGenomics, Inc.",15.88,USD,3.9947609692207022,Health services,Medical/Nursing services,NASDAQ,84218817.76,USD,5303452,14.326853851691864,8.841672378341336,69.29637526652452,204.2145593869732,2040189896.0,USD,United States,1.3204708,17934141,3877102.8,1.3635170726301382,0.7471807488935065,0.5554272492990453,0.608285313124978,14.472987986289178,14.12704453176403,12.7984090918984,10.869712401132825,13.319351171942053,11.998429902302128,10.97557711046836,13.76370057236865,2026-07-31
OSCR,"Oscar Health, Inc.",31.23,USD,2.158979391560354,Health services,Managed health care,NYSE,122376941.1,USD,3918570,10.783965945370696,9.502103786816273,69.26829268292683,124.51473759884976,8304119590.0,USD,United States,3.0263803,20496671,5395042.766666667,3.9540810817038894,3.2354413776801545,0.5789637518552624,0.7019036022997248,30.115201792590888,29.83030617774714,27.52985436223925,20.81364451817544,27.911435243386737,24.53703385513604,20.279406336756523,15.22096767116376,2026-07-31
BHC,Bausch Health Companies Inc.,6.03,USD,28.84615384615386,Health technology,Pharmaceuticals: other,NYSE,112536997.56,USD,18662852,36.117381489842,22.31237322515214,5.419580419580429,-11.97080291970802,2252058232.8042703,USD,Canada,1.8156999,25325167,3156228.966666667,-0.2580685803730373,-0.3059223994040095,-0.0057336096592415,-0.0992585860514835,4.866191265648584,4.828607528444247,4.977513527098439,5.636492424742905,5.128597714831166,5.299681919160661,5.768975724283281,8.968401064547084,2026-07-31
BAX,Baxter International Inc.,26.75,USD,7.9935405732741245,Health technology,Medical specialties,NYSE,606471185.0,USD,22671820,19.419642857142865,25.469043151969977,49.94394618834081,-7.214706902532079,13815545593.0,USD,United States,1.7529324,44655205,6710896.49999999,1.0505955257510315,0.2043613943731967,1.0070344646631035,0.7094216981316527,23.77010913219088,22.91696528161502,21.435793008148785,21.02876279777941,22.22636440281644,20.97682756044028,21.746618701821305,34.909603642627744,2026-07-31
ABVX,Abivax SA,124.33,USD,4.619656681252099,Health technology,Pharmaceuticals: other,NASDAQ,185632025.47,USD,1493059,-1.089896579156726,-6.701185652108654,5.884857775506725,75.21138669673056,10910287066.08555,USD,France,1.291567,4322620,1942407.0,5.156442949225081,4.575218815231052,1.5844419556350715,4.022264537047884,127.13586958086596,127.11997301676048,122.33174764868768,107.64101362501218,123.483674772936,119.9145962632337,103.50452727376792,,2026-07-31
RVTY,"Revvity, Inc.",113.54,USD,0.1499514862838508,Health technology,Medical specialties,NYSE,231278482.12,USD,2036978,2.779035032135428,2.0492539996404826,30.731145653425465,19.60391867691984,12666497104.0,USD,United States,1.5424942,7491585,1514304.1,4.436493973079109,2.6603925921146976,1.670205338840688,1.866618864445123,111.47141065040036,110.44168538837468,106.30915641119866,100.02324792503046,107.64403513988846,103.4117358365056,100.33338499206884,108.0542243254652,2026-07-31
RYTM,"Rhythm Pharmaceuticals, Inc.",105.74,USD,-0.7415751431521695,Health technology,Pharmaceuticals: major,NASDAQ,56527017.9,USD,534585,3.5651322233104805,-4.7644780689903685,29.12443521797533,21.49833390784786,7253083617.000001,USD,United States,1.1903838,2911939,868322.8,3.3929612400946354,1.4836825228075246,1.011200402673282,1.820131655792208,106.0711016614048,105.88452650812772,101.73856468635594,94.95332962997642,101.76696595383925,98.3556269882218,92.98994900895204,63.91576763670641,2026-07-31
RGEN,Repligen Corporation,143.6,USD,1.6781137152163172,Health technology,Pharmaceuticals: major,NASDAQ,149746798.0,USD,1042805,8.820854804486197,5.2477279390208125,20.916133378241824,13.67054539697617,8104155284.000001,USD,United States,1.226385,6521882,1271094.5,1.900519934087868,-1.020199837032236,1.5654547430988544,2.3343920727399023,140.63801501875076,140.02691039571374,135.212017981451,134.35623022394412,136.5914368660687,133.68314380065533,135.18225606800115,146.75234145819857,2026-07-31
IQV,"IQVIA Holdings, Inc.",237.79,USD,-3.946518015834549,Health technology,Biotechnology,NYSE,405304018.98,USD,1704462,14.294640711367448,23.066970292930336,48.49809529757073,22.068788501026685,39140234345.99999,USD,United States,1.1413647,11203097,1614769.8666666667,6.822914823030402,-0.0894087976765236,11.392581037537012,8.202765412351736,222.66240926609385,212.8907668471121,198.3829898455376,190.95630759654512,202.0188806457465,193.6847344323359,191.77372142501684,197.53778591393387,2026-07-31
VCYT,"Veracyte, Inc.",59.78,USD,7.305690181295997,Health technology,Medical specialties,NASDAQ,92727986.12,USD,1551154,5.59971736442325,1.787842669845061,81.31634819532908,144.0,4770004419.0,USD,United States,1.1035722,3969508,1250125.6333333333,6.040940171438493,4.43227415847685,1.089788683213328,1.5898523161002682,57.39434339122853,56.95388217011873,52.8527839182773,42.81918661504975,54.05478356859803,48.71383613451522,42.05424287731397,33.71992479852312,2026-07-31
NTRA,"Natera, Inc.",269.66,USD,6.240642975336866,Health technology,Biotechnology,NASDAQ,319314383.42,USD,1184137,2.927592656208258,-0.6594216246085701,31.35564323639731,97.07666447416504,38619459304.00001,USD,United States,1.0456084,4112042,1465565.3333333333,17.723722616983196,11.80210316765584,3.438902425679657,6.560416159013763,262.7779037467577,262.19513113032644,248.14962551652224,216.9835651837953,251.62187742892024,235.70869257803523,212.07076244560545,145.33713265239834,2026-07-31
XRAY,DENTSPLY SIRONA Inc.,13.74,USD,-3.2394366197183038,Health technology,Medical specialties,NASDAQ,54137537.34,USD,3940141,6.264501160092811,29.50047125353441,16.93617021276596,-14.764267990074446,2752488684.0,USD,United States,1.2280173,18436214,5979974.533333333,0.1568127049087344,-0.2493889188396003,0.6667020055885136,0.6650297199297442,13.379911550619427,12.879495071559994,12.01889756274315,12.34347513511039,12.243131843716492,11.924163967021435,12.780372220195366,23.270849303701127,2026-07-31
TXG,"10x Genomics, Inc.",49.43,USD,6.714162348877374,Health technology,Biotechnology,NASDAQ,111698799.91,USD,2259737,6.829479144153872,28.925404277516943,124.17233560090702,249.3286219081272,6275444575.999999,USD,United States,1.339931,9332427,3235855.966666667,7.058806328341891,4.984471403251942,3.44287794244972,3.5604432570957463,46.37280390029616,43.93387035109647,37.63446156018992,25.834991991860825,39.198202277471495,32.971971281754534,25.20491343214332,37.61368531549527,2026-07-31
DFTX,"Definium Therapeutics, Inc.",44.49,USD,5.526565464895649,Health technology,Pharmaceuticals: major,NASDAQ,80430178.74000001,USD,1807826,3.057678943710911,-5.420918367346933,101.67724388032642,386.2295081967213,5905747665.0,USD,United States,1.0167427,7083945,3761212.7666666666,7.512845956943746,5.630725101492036,1.8984777703757203,2.801625769199368,43.36672040139455,42.53649972834644,36.859407682267054,23.74587733999033,38.020380252767374,31.52841743011711,22.48183164232334,14.67766023437142,2026-07-31
BRKR,Bruker Corporation,64.34,USD,4.211208292840948,Health technology,Medical specialties,NASDAQ,127708401.66,USD,1984899,6.435070306038049,6.912595546693259,74.45770065075921,52.211970664774064,9794196587.000002,USD,United States,1.7713095,9045082,2065972.5333333332,5.643168614886356,4.184241729856666,1.5666737859970112,1.3949760013070347,61.30572582537327,60.17372998531943,56.294828943500015,47.67772033923584,57.677401735153495,52.67281740045851,47.761599942840014,53.248952311017845,2026-07-31
TVTX,"Travere Therapeutics, Inc.",57.28,USD,3.0957523398128126,Health technology,Pharmaceuticals: major,NASDAQ,58129691.52,USD,1014834,-0.1394700139469984,0.8273191339552874,34.713076199435555,263.2213062777426,5326633466.0,USD,United States,2.2442424,4953934,1726670.5333333334,7.07099075829872,6.231344979905835,0.8458304621928718,1.219831893874508,56.51069590781565,56.17483956598956,52.623516277450335,39.65004410474571,53.66687296315639,47.97095521885192,38.05117869083504,24.718865040531643,2026-07-31
ELAN,Elanco Animal Health Incorporated,26.46,USD,0.2652519893899215,Health technology,Biotechnology,NYSE,203854851.9,USD,7704265,6.222400642312327,7.517269402681842,18.072289156626507,82.86109191430546,13215435561.0,USD,United States,1.2367407,21306894,4789540.733333333,0.87764040488684,0.6941482539426853,0.4591939155418565,0.4082827362523182,25.645691780502013,25.29372082704897,24.565994499269287,22.615797162553477,24.81157166823793,24.129322165837504,22.10989517751371,18.88669172380377,2026-07-31
LIVN,LivaNova PLC,81.05,USD,-0.466658479675807,Health technology,Medical specialties,NASDAQ,52339577.45,USD,645769,3.657756746387005,-1.4349993919494184,34.011243386243386,84.24641964082744,4452363613.0,USD,United Kingdom,1.753851,2171049,671642.4,5.279437504399198,4.904254544813422,0.457391441546406,0.624182562246225,80.56683679740046,80.42149369124222,77.93053431668523,67.58914195706357,78.51127204609746,74.42582798744337,66.24447250531053,58.422701129513584,2026-07-31
CRNX,"Crinetics Pharmaceuticals, Inc.",83.63,USD,-0.2980448259418217,Health technology,Pharmaceuticals: major,NASDAQ,176429945.87,USD,2109649,-0.1194315060313012,123.49011223944412,115.31925849639543,182.05733558178756,8862105657.0,USD,United States,1.7800527,11264730,6411541.0,9.338191517779755,3.453044610893316,9.469236794101109,10.741631438229476,82.55019592892101,76.07625196389014,61.04976999526279,46.74132704096824,62.99589018177227,53.36242633967864,46.050944623879545,37.61967846104648,2026-07-31
NVO,Novo Nordisk A/S,51.61,USD,0.0581620783249343,Health technology,Pharmaceuticals: major,NYSE,547152859.63,USD,10601683,5.823251999179815,7.655402586566545,19.16416531978757,0.6827936012485397,225598510927.0706,USD,Denmark,1.7298143,35642429,10259171.5,0.4156716252839914,-0.9563192779876736,1.0771103399690602,1.052210087771898,50.20066315978342,49.4302382730905,47.42059147511057,49.56261298738025,48.0493686219492,46.902796339144246,51.79783117302348,68.59885525114865,2026-07-31
TEVA,Teva Pharmaceutical Industries Limited,35.41,USD,2.0167098818784086,Health technology,Pharmaceuticals: generic,NYSE,310493611.89,USD,8768529,14.930217461863023,4.51593860684768,0.7110352673492606,109.40272028385569,40532827274.37076,USD,Israel,1.1364033,36891401,5829000.1,1.120127634134711,1.480517778417732,-0.0851411289115517,-0.463066976735354,32.668049667312964,32.58023953038481,32.8842047007878,30.05857683071611,33.23295598176867,32.66416568566136,29.221602059263184,20.242433470335047,2026-07-31
SYRE,"Spyre Therapeutics, Inc.",101.5,USD,3.7090017369980535,Health technology,Pharmaceuticals: major,NASDAQ,86427453.0,USD,851502,-0.6168608636052046,14.327551250281592,36.99554595761911,495.3079178885631,8814386627.0,USD,United States,1.9170408,4251001,1593368.3666666667,15.774037858256222,14.102436256169948,3.746031830716987,4.275537148682459,99.4833738065838,97.0677054900666,88.34203452964238,59.38924932951794,90.42196969537648,77.92770289578772,56.139955218698205,47.71665472492605,2026-07-31
NEOG,Neogen Corporation,11.53,USD,22.659574468085093,Health technology,Medical specialties,NASDAQ,54896797.42,USD,4761214,22.659574468085093,28.2536151279199,22.010582010582013,139.7089397089397,2509770208.0,USD,United States,1.3361715,12403546,2042543.1,0.4534036111645676,0.3505077095655636,0.1961204724495484,0.1431266375470533,9.90827057571517,9.743588542778534,9.498933199520271,8.893888084087713,9.833023434896088,9.472339888893789,8.95226225978719,14.007724801804482,2026-07-31
AVTR,"Avantor, Inc.",13.86,USD,-3.616133518776087,Health technology,Medical specialties,NYSE,242052592.32,USD,17464112,21.153846153846157,39.99999999999999,70.47970479704794,-1.4224751066856405,9374333092.0,USD,United States,1.7044638,97108126,11355041.2,0.4207038014243096,-0.2068963130110903,0.8836728347973359,0.6044971175386081,12.274452933184357,11.499955389208724,10.400785455929524,10.569450644109752,10.781270449019372,10.13350750756891,11.04802159139702,17.151898101231488,2026-07-31
CORT,Corcept Therapeutics Incorporated,118.32,USD,27.29424421732113,Health technology,Pharmaceuticals: major,NASDAQ,532212470.64,USD,4498077,24.077181208053684,36.07820586543989,144.05940594059408,73.61702127659572,12790202217.0,USD,United States,1.2452387,8291031,1249256.1,12.89130336577395,7.374707339530214,5.296416718366928,4.360557403191926,97.40661841190678,93.30776248622676,82.74888679854014,65.79165080387327,88.51130976992053,75.95353702912126,66.26458508806684,49.23261795434638,2026-07-31
WAT,Waters Corporation,380.3,USD,0.2160851691788745,Health technology,Medical specialties,NYSE,297816733.0,USD,783110,1.4999466211166874,1.4025170648464138,22.36164736164736,25.03698832812758,37340078336.0,USD,United States,1.1781468,3229276,905677.7,10.07295215072088,5.743652880548753,3.5128718488600725,3.304913951140376,376.4261049608662,373.9910745908931,364.8950461686109,349.6097798627919,367.24802130816965,357.3934225729933,349.6516887913198,329.87163183939026,2026-07-31
ARWR,"Arrowhead Pharmaceuticals, Inc.",87.32,USD,1.275806077476217,Health technology,Biotechnology,NASDAQ,119395342.92,USD,1367331,2.009345794392522,7.127959759538692,17.113733905579387,437.0233702337022,12299634060.0,USD,United States,1.8780687,7315392,2889942.533333333,6.819729035745937,6.710154824660308,2.18731515025678,1.193892846869302,83.71057758937057,81.66673491666985,78.58968355009411,64.06183098527386,79.59657483248185,74.71630071086993,61.138705019448565,41.41086654046047,2026-07-31
ERAS,"Erasca, Inc.",18.68,USD,5.417607223476304,Health technology,Pharmaceuticals: major,NASDAQ,69110769.6,USD,3699720,-2.250130821559392,1.9650655021834031,79.87481945113144,1074.8427672955977,6484340140.999999,USD,United States,1.5008324,15244664,5671226.1,2.358556638514143,2.11719151074979,0.6860060177518825,1.0092707796692106,18.68927616369037,18.353749219415864,16.74695545185264,11.867071090480096,16.9390828313736,15.152995552166944,11.087755671659709,7.325657090776205,2026-07-31
RVMD,"Revolution Medicines, Inc.",192.17,USD,6.21821799690471,Health technology,Pharmaceuticals: other,NASDAQ,347314029.59,USD,1807327,1.5536648522961465,2.611063648013662,33.9163763066202,413.6861801657311,40854662494.0,USD,United States,2.717207,7934145,2761536.066666667,25.50277170450036,23.133974458140937,4.2252481889811975,5.182831004195803,186.0183003799684,183.63249438260883,171.29127118314864,123.69232822045416,175.33723271232816,155.38649528631066,117.40446399893992,64.9724724771193,2026-07-31
BFLY,"Butterfly Network, Inc.",8.17,USD,15.070422535211272,Health technology,Medical specialties,NYSE,81553765.17,USD,9982101,24.16413373860182,-2.969121140142518,72.7272727272727,344.02173913043475,2134573430.0,USD,United States,2.2864227,25867242,11079125.333333334,1.0830283328719812,0.9248670628556224,0.1257813733152915,0.1438818893904409,7.225746081895767,7.175604389406608,6.596166280062086,4.7297990512191,6.906514656175043,6.021745407629233,4.598904280189947,4.417618321918064,2026-07-31
VTRS,Viatris Inc.,17.76,USD,-0.3367003367003295,Health technology,Pharmaceuticals: major,NASDAQ,103046041.92,USD,5802142,3.0162412993039625,11.838790931989928,18.795986622073595,92.4160346695558,20844592710.000004,USD,United States,1.0493845,35194686,9892514.766666668,1.1041927543974488,1.066742277127819,0.4069734738641344,0.3355817675040996,17.447181020700167,17.11082171808732,16.504149635464614,14.328695758233298,16.664888405934857,15.849190732151444,14.008657802613854,12.768398478499735,2026-07-31
ILMN,"Illumina, Inc.",205.09,USD,5.271532696848379,Health technology,Medical specialties,NASDAQ,568149341.96,USD,2770244,5.667473852336545,16.641073764431546,53.948356102687285,88.03520674796005,31030117072.000004,USD,United States,1.5301582,8316141,1914198.3666666609,18.673891147860672,13.942301447307624,6.535407524708603,6.644221304951655,194.15524884982597,189.6304085700572,175.78143264895562,144.0688635175938,179.9179676551754,163.797068369986,141.6691620842157,155.58659267223976,2026-07-31
WHD,"Cactus, Inc. Class A Common Stock",62.0,USD,18.501529051987767,Industrial services,Oilfield services/Equipment,NYSE,104349162.0,USD,1683051,12.481857764876638,21.02283818075347,11.99421965317919,32.16798124067364,4957809881.999999,USD,United States,1.1774373,3806022,879183.0,1.7615185151410555,1.7794601042471352,0.4738534106825014,-0.1110399798905914,55.30170345896915,54.64852138081533,54.69449377508458,51.996709524719485,55.872806848564025,54.64074453140503,51.76442534566922,47.99822814991042,2026-07-31
BHP,BHP Group Limited,85.9,USD,3.356996751293474,Non-energy minerals,Steel,NYSE,206914631.5,USD,2408785,2.603917821309134,3.10887048373545,8.61044379820458,65.19230769230771,211087227213.5888,USD,Australia,1.3110178,9795185,2616464.566666667,4.322781578176659,5.129513058845832,0.1187474450883456,-0.3017548682664835,83.69080313282481,83.40259079016641,83.15264541067836,74.0054777212445,83.40394271650928,80.6678008924615,72.05977701541075,60.829462887906864,2026-07-31
CLF,Cleveland-Cliffs Inc.,11.63,USD,2.196836555360281,Non-energy minerals,Steel,NYSE,301920440.55,USD,25960485,-2.514668901927904,23.85516506922258,14.694280078895464,7.090239410681413,6635380720.000001,USD,United States,2.134805,137523714,25134448.23333333,-0.0377326599941039,-0.0583900966812428,0.1951032025477062,-0.1384410462328013,11.03437624147846,10.722777014346748,10.812594797992164,11.027286506582955,10.994747830525508,11.011416192870616,11.109140020837868,12.943342057704838,2026-07-31
SCCO,Southern Copper Corporation,185.0,USD,5.431127828118767,Non-energy minerals,Other metals/Minerals,NYSE,175747225.0,USD,949985,3.18478442746389,6.163204407207626,10.883628193282304,101.38398489706154,154350770874.00003,USD,United States,2.2080524,4524293,1281370.8333333333,4.867394999602567,6.866429919867144,0.701223090819127,0.2388176341746617,180.43101919545305,179.60022870770752,179.6305747635962,164.95573848227468,179.26732696453664,177.19163243682817,159.67424485214426,111.18568084230706,2026-07-31
JHX,James Hardie Industries plc.,26.47,USD,1.0691103474608536,Non-energy minerals,Construction materials,NYSE,150277310.43,USD,5677269,-0.263752825923136,1.1077158135981633,25.33143939393938,-3.146725210391509,15361512870.000004,USD,Ireland,1.2222083,29970415,7426170.233333333,1.199773700553667,0.6965274404674089,0.5376762489470579,0.5201056483857334,26.111154805223933,25.73193436488874,24.57853199888177,23.16397354470756,24.99193834395049,23.81773241563677,23.50179370463261,26.25477046929892,2026-07-31
TECK,Teck Resources Ltd,62.49,USD,8.71607515657621,Non-energy minerals,Other metals/Minerals,NYSE,284298317.49,USD,4549501,3.821232762917436,5.095862764883957,7.722806412687475,89.82381530984203,30657105260.80533,USD,Canada,1.9753377,13552896,3407598.1,2.57476079203893,3.286539774501265,-0.3017815727497037,-0.8360951397787043,59.0514842210988,59.03069228632396,59.67612895683708,54.38615515055466,60.26578562429143,58.76784620901475,53.21519963993002,43.49119374549403,2026-07-31
FNV,Franco-Nevada Corporation,221.36,USD,3.260717451135891,Non-energy minerals,Precious metals,NYSE,154232580.0,USD,696750,3.111607974659962,6.1984264056803,-3.437445471994414,38.02219728145656,42690499400.64957,USD,Canada,1.0305779,2661089,751506.3333333334,-4.106065208356512,-1.3469735953166064,0.1975877263830625,-1.99521127512672,212.659180315636,211.31703070527053,216.35208280934316,218.57376845494704,217.20356035725325,222.3184978889193,214.74524422600436,169.0735122526636,2026-07-31
CMC,Commercial Metals Company,68.41,USD,0.4699662211778428,Non-energy minerals,Steel,NYSE,60733303.44,USD,887784,-0.7831762146483049,9.019920318725095,-0.7399883923389511,30.65317035905271,7567811247.0,USD,United States,1.1377202,3944801,1477989.9,0.1922247648132184,0.8596510262595703,0.0296010411034757,-0.6086884465914775,67.92795163176152,67.55119124585552,68.44892368357155,66.8105466342406,68.32907293918299,68.61070260409466,65.81336928013337,54.38164520473757,2026-07-31
MT,Arcelor Mittal NY Registry Shares NEW,69.34,USD,5.540334855403349,Non-energy minerals,Steel,NYSE,123068653.72,USD,1774858,3.6782296650717834,15.144470275655936,21.755926251097453,113.02611367127498,51089531519.90609,USD,Luxembourg,1.7255554,7508894,1716105.5,4.3569007884135615,4.575243726729389,0.8540756220475743,0.5929651332483816,66.85856273979232,66.09398421548354,64.75268835824,55.62393840829549,65.53012062331777,62.52994587240643,53.71764486713902,37.18535939964335,2026-07-31
EGO,Eldorado Gold Corporation,32.74,USD,2.4085079762277237,Non-energy minerals,Precious metals,NYSE,128759315.42,USD,3932783,2.6976160602258563,5.307172724348672,7.661953304833942,56.35148042024832,8555611930.023098,USD,Canada,1.2215836,9351740,2545120.3666666667,-0.7860165987069863,-0.5458199188102995,0.249552460125777,-0.1283239105876978,31.588403464926262,31.21532456188248,31.610700530568067,31.99111913241581,31.728856023950662,32.57660637464573,31.289404540221845,21.456452219911704,2026-07-31
PRM,"Perimeter Solutions, SA",37.23,USD,7.383905393712128,Process industries,Chemicals: major diversified,NYSE,74085242.82,USD,1989934,10.376519418914912,4.431977559607288,22.467105263157887,127.56723716381416,6073220367.0,USD,United States,1.913981,6475454,1760285.4,2.702654574095842,2.51374006081017,0.3402651121781943,0.1746204742066546,34.79754057080738,34.5097285914495,33.48821047105146,28.15333288667672,34.084295993808375,32.010607974027,27.293245882572144,16.63110356532657,2026-07-31
OC,Owens Corning Inc,138.82,USD,1.796582826134772,Process industries,Containers/Packaging,NYSE,94354288.16,USD,679688,-2.47295208655333,-12.66985405133368,11.708376921219925,-4.003872484613803,11178942016.000002,USD,United States,1.6471297,3147297,1240946.1,5.490972657514988,2.87384997807569,1.5785138376139116,2.7678978550942523,140.59106379364567,140.1390444753871,134.51763133830576,128.22045411231744,135.87010226897166,130.24802284071703,129.68364202126955,130.0900523890618,2026-07-31
ALV,"Autoliv, Inc.",124.16,USD,-0.4888995752184014,Producer manufacturing,Auto parts: OEM,NYSE,73316231.67999999,USD,590498,5.677078900331945,6.877851424636304,6.905458928878935,9.556163416571074,9093133598.0,USD,Sweden,1.0540905,2378141,779695.7333333333,1.131909620978206,0.987741636989883,0.49424691933919,-0.1837650892225216,121.28985162203269,120.61892325400072,120.19878139735675,117.6831178997647,120.38260876040655,119.47464760589467,116.97190576468536,105.55165345970993,2026-07-31
FBIN,"Fortune Brands Innovations, Inc.",49.25,USD,0.2646579804560313,Producer manufacturing,Building products,NYSE,84702169.25,USD,1719841,-3.939925882582412,-10.291438979963567,20.769985286905342,-11.848935027742971,5875200504.0,USD,United States,1.5091246,10062828,2668759.466666667,0.5568267420268995,-1.133697823055834,1.1327262649421712,1.6824662255208975,50.24142555282388,49.72159795443075,46.95618013617212,47.97352948461813,47.58498881441747,46.28109750682248,49.03397421958878,59.15279689475256,2026-07-31
MHK,"Mohawk Industries, Inc.",119.56,USD,5.450696771917452,Producer manufacturing,Building products,NYSE,291686466.96,USD,2439666,5.553103204732062,-1.4588312865738038,10.45824094604583,-1.47507210548001,7287557757.0,USD,United States,1.1803725,4618258,806497.6,0.847245295909147,-0.8433215911918128,1.291857804506975,0.7232921956519023,114.14796510034805,113.03436464009503,110.84946485580912,111.71309199904717,112.65162459835658,111.15122470580847,112.72928161987365,119.57523053495795,2026-07-31
FLS,Flowserve Corporation,75.32,USD,7.692307692307685,Producer manufacturing,Industrial machinery,NYSE,263728159.52,USD,3501436,4.033149171270701,1.5641855447680646,2.713759716350736,34.045203772913325,9574134378.0,USD,United States,1.2757952,10643699,2076677.6,0.0240217906974038,0.6870231356711521,-0.2870391193934125,-0.9861362360622776,71.65542788322378,71.55493760008076,72.82731007461315,71.41736028827381,73.36065716176856,73.86454899059882,70.28751692258338,55.22024451331402,2026-07-31
W,Wayfair Inc.,89.78,USD,0.842412669886555,Retail trade,Specialty stores,NYSE,167436467.92000002,USD,1864964,6.652411499168441,-2.8565245617831643,40.467808808573885,31.99059100264629,11850645870.000002,USD,United States,1.6753231,14869311,3228563.6666666665,1.798427105491399,-0.2627522356978985,1.4934575964563663,1.796057481541069,89.23942947905256,88.45501964596022,84.36822555427787,80.46943557769866,85.07610584589449,82.84311571647459,79.56737840485326,78.35765757286251,2026-07-31
BBY,"Best Buy Co., Inc.",87.82,USD,-2.6061883109681805,Retail trade,Electronics/Appliance stores,NYSE,251930287.84,USD,2868712,2.797612080065534,15.735371639430678,44.322103533278536,32.179409993979526,18509568446.0,USD,United States,1.1443907,12195414,3651541.466666667,4.639823829481927,2.180327488053193,3.452507816165152,3.362753213034847,86.88637014071918,84.34478177101987,78.28323098170782,71.96639802010532,79.63561873675296,74.88895620870561,72.60793709907136,77.10514360774613,2026-07-31
AAP,Advance Auto Parts Inc.,56.19,USD,-3.833647099092935,Retail trade,Specialty stores,NYSE,72776276.58,USD,1295182,0.6989247311827967,-9.69141755062681,-6.350000000000004,-2.159150269893787,3388256874.0,USD,United States,1.2609776,5908736,1763903.9,1.4196813251519984,1.8533760260305776,-0.1754690316993503,-0.5681347653525501,56.37782003541527,56.36185204829018,56.508805000500274,53.99875982301825,57.0804903089549,56.191731940257526,53.90781921127781,74.93492650400194,2026-07-31
SIG,Signet Jewelers Limited,95.88,USD,-3.014363746712527,Retail trade,Specialty stores,NYSE,72009331.67999999,USD,751036,5.027932960893843,11.22969837587006,8.058153950185947,16.684921504198606,3770939254.0,USD,Bermuda,1.2219222,3501429,830752.2666666667,0.5323473469930633,-0.4136741348711537,2.911040152465233,1.88161150139887,93.57210906773716,90.88888077232536,88.2925917436189,87.5913762646135,89.26143194521322,88.52278626007086,87.40885027748365,80.25816240199806,2026-07-31
URBN,"Urban Outfitters, Inc.",75.74,USD,0.4509283819628503,Retail trade,Apparel/Footwear retail,NASDAQ,53608847.74,USD,707801,8.246391310561664,6.8868190798758055,7.3869275485608865,-1.591632560254672,6486001235.0,USD,United States,1.2326896,3218630,1160904.066666667,0.9223200926413142,0.7977247324010968,0.7120330132662787,0.2599354064318399,73.53292127230952,72.79378738058858,72.04622097522555,69.83764767587738,72.36702395325406,71.63075504015536,69.23679226029078,53.29908387432487,2026-07-31
KSS,Kohl's Corporation,19.5,USD,2.3084994753410357,Retail trade,Department stores,NYSE,95923815.0,USD,4919170,8.695652173913036,10.04514672686231,36.078157711095606,68.17593790426906,2211299881.0,USD,United States,2.7377336,14950009,4097068.066666667,0.6399393833452507,0.1588636369409422,0.6259453989587733,0.4830079189412504,18.518749676760848,18.00952278795076,16.990097209890482,16.04498971894347,17.37347406432698,16.679842633750358,16.128544737042663,21.471843906973884,2026-07-31
VSXY,Victorias Secret & Co.,88.24,USD,-0.9985414562997876,Retail trade,Apparel/Footwear retail,NYSE,126351208.96,USD,1431904,5.613405146618788,5.701964542405356,70.4791344667697,340.31936127744507,7014349389.0,USD,United States,1.4494376,7770551,1882384.3333333333,10.023845285084846,8.001781604967483,3.346116341812205,3.2581698739195217,86.10131009228115,83.73998031247297,76.33662823503151,57.425996354263646,77.46600410194023,69.11117151363553,55.18958869245633,40.590355602085225,2026-07-31
ETSY,"Etsy, Inc.",83.15,USD,-2.839448469268512,Retail trade,Internet retail,NYSE,206709153.85,USD,2485979,3.1381791118829083,10.380990309305732,28.31790123456792,26.483115302707656,7890621885.999999,USD,United States,2.249709,10123511,2737891.4,6.6940204658802855,4.790380204269709,2.7698097355163043,2.9770125809404027,83.1414749010726,81.26600797096681,75.48820586133274,64.44623739276771,76.45205567825238,70.46115248652966,63.81493861565832,71.95376904523995,2026-07-31
KMX,CarMax Inc,58.7,USD,-0.6936220605650425,Retail trade,Specialty stores,NYSE,119147616.4,USD,2029772,0.70337965345686,10.985063339005489,48.41972187104932,-0.9449881876476462,8330180916.999999,USD,United States,1.2132188,11484857,3431500.1666666665,3.3682873177298944,1.522034677639741,2.3666644971481645,2.413756006712012,57.90909371574817,56.22157248020561,51.89187992207364,48.53362376566422,53.0114302859081,49.45654409544763,49.79320969776391,65.63956663795477,2026-07-31
LAD,"Lithia Motors, Inc.",405.03,USD,-5.251707682230758,Retail trade,Specialty stores,NYSE,323601148.68,USD,798956,18.79454465464144,39.429928741092624,39.12341565623604,39.77637436587639,8903821507.000002,USD,United States,1.3232554,3202947,364936.3666666666,13.857655792892444,1.7906590569814158,22.310999096146475,14.185135972510114,363.2795368654675,343.04190468981113,318.19530569720075,304.42531166782254,327.4218272580746,311.304338519242,307.0241775905768,293.9394013308053,2026-07-31
ANF,Abercrombie & Fitch Company,100.26,USD,-2.175822031417689,Retail trade,Apparel/Footwear retail,NYSE,63460469.34,USD,632959,6.875599616245606,11.387623597378068,17.38672286617493,1.7764693939701552,4454723268.0,USD,United States,1.6070932,4089061,1115119.9,0.834483607617841,-1.1725526757250109,3.3982235730822765,2.851260370554807,97.74696077683916,95.00865243748422,90.6642522916985,90.8774703397212,91.81000652790576,90.29119750449038,92.04166245757176,85.26444224346116,2026-07-31
GLBE,Global-E Online Ltd.,39.87,USD,-0.9687034277198228,Retail trade,Internet retail,NASDAQ,56491404.3,USD,1416890,10.107705053852516,14.799884825799024,25.574803149606293,16.578947368421034,6680947266.999999,USD,Israel,1.547212,6441480,1559946.5333333334,0.9352969165239956,-0.0624517263551153,1.1401964974992893,1.0284150388693662,38.05917382547609,37.20444933413524,35.34209400094235,34.72144478451061,36.0500851747962,34.85788312281406,35.06126110271512,36.45906832384674,2026-07-31
YMM,Full Truck Alliance Co. Ltd.,9.56,USD,-0.8298755186721999,Technology services,Packaged software,NYSE,66896166.92,USD,6997507,3.800217155266012,17.733990147783267,9.885057471264382,-18.568994889267454,9918924223.0,USD,China,1.754237,32046324,6792772.5,-0.2644882104386266,-0.4922989501184407,0.2797870667932223,0.2214051211471991,9.269748992965717,9.027176403149266,8.780407490377144,9.530901870089531,8.823815007824605,8.90001140171354,9.633118812332974,9.54892036859536,2026-07-31
GEN,Gen Digital Inc.,27.29,USD,-1.230546507419471,Technology services,Packaged software,NASDAQ,91267720.85,USD,3344365,5.611455108359131,9.642426677380469,38.45763571790968,-10.318764377259283,16335169262.999998,USD,United States,1.2864426,16509974,5548758.4,0.7026239417340925,0.1056618806955661,0.5526797290273393,0.4911499787854168,26.72517057126817,26.306683086551335,25.226099180907323,24.627368676489795,25.515695545909846,24.64381647371124,24.900356943612984,24.71827566363164,2026-07-31
U,Unity Software Inc.,33.34,USD,4.057428214731599,Technology services,Packaged software,NYSE,271436876.52000004,USD,8141478,16.491963661774992,16.655003498950332,23.710575139146584,2.2699386503067545,14554077089.0,USD,United States,1.8406212,31246669,6987042.8,0.2003582538046586,-0.7163059070647387,0.7965455858501898,0.5634217779792555,30.953930167359943,30.2807553896846,29.0406792711596,29.385646417336595,29.324392123900363,28.683708481514824,29.384623991364517,42.28625206589278,2026-07-31
ZM,"Zoom Communications, Inc.",92.32,USD,-0.0973920571366772,Technology services,Packaged software,NASDAQ,262363654.08,USD,2841894,4.921013751562676,6.963271926775566,-6.7474747474747545,24.11938693197096,27071199790.0,USD,United States,1.0566387,12526854,3521722.7333333334,1.1497801624974784,2.093588510005629,-0.1129740161737515,-0.7137998943926436,90.39999862048197,90.13915188032324,91.21319342129064,88.14437361813323,91.215633212044,90.8346621858544,87.28847875202266,98.26516584738305,2026-07-31
ESTC,Elastic N.V.,64.25,USD,-0.294847920546241,Technology services,Packaged software,NYSE,111513071.0,USD,1735612,9.49216087252897,12.679761487197467,33.99374348279457,-27.654543407273955,6678892204.0,USD,United States,1.3517139,6541663,1808314.1333333333,-0.8848638556149808,-2.699942499317181,0.9727717181549452,0.7025611974594201,61.74213029800276,60.943858678593294,59.19814193453532,64.0179525202631,59.44376043799206,58.988448585633066,65.68396455827157,81.07597006648453,2026-07-31
GTLB,GitLab Inc.,33.72,USD,-0.9109609168380908,Technology services,Packaged software,NASDAQ,129119949.6,USD,3829180,7.800511508951399,10.448738945299697,42.29048864883112,-28.346791330216757,5695308308.999999,USD,United States,1.5796807,16397141,4503508.766666667,0.0556656526247643,-1.3581700960794325,0.9148342637597652,0.9536052914501212,32.76491953763012,32.143991166288004,30.263828771292783,32.41349526512311,30.59885408745218,29.706463870117048,33.6642973227796,45.98259814668119,2026-07-31
DDOG,"Datadog, Inc.",268.56,USD,1.6502649507948577,Technology services,Packaged software,NASDAQ,1188951375.6,USD,4427135,8.790407518431495,3.1494853280073696,93.90613718411552,78.73020098495942,95596669547.0,USD,United States,1.1601067,18311548,4331614.633333334,32.83621121022199,27.242336441867558,5.2160853759855,6.112932680519283,257.2380973114372,254.3417595047818,235.981795577288,179.74440824460032,240.36111499310007,212.62464116608572,175.47412587201188,134.0624793990233,2026-07-31
MSFT,Microsoft Corporation,451.1,USD,15.506734265376146,Technology services,Packaged software,NASDAQ,49693216599.0,USD,110160090,18.18181818181819,20.93185351991852,9.2781007751938,-12.436671390026582,3349663579843.0,USD,United States,1.2546421,217593442,44503379.86666667,-8.622707759033517,-13.141759245635107,4.4064697016230525,-0.0364247724119772,401.0986949466114,395.6107395023913,396.577978914747,421.9066699909396,403.84982446780526,407.90093113781023,426.125433732905,391.4346276939143,2026-07-31
HPQ,HP Inc.,26.86,USD,-5.455825413586767,Technology services,Information technology services,NYSE,467660641.84,USD,17411044,4.310679611650483,22.42479489516863,28.14885496183205,4.310679611650484,24564080417.000004,USD,United States,1.0345889,75629266,16031331.866666686,0.9058419002405316,0.4110161530086123,0.9735181162266252,0.6029089332909302,26.23890922701557,25.34001185361967,24.13902665480489,23.30874079577101,24.469809907017737,23.490471962492748,23.778115583242656,27.05397407347221,2026-07-31
SNOW,Snowflake Inc.,298.1,USD,5.372923294450352,Technology services,Packaged software,NYSE,1923778512.7,USD,6453467,11.20644631798852,17.131630648330066,109.92957746478876,36.274285714285725,103321463935.0,USD,United States,1.2333411,25609024,5747054.8,23.74567612595436,11.987384338228182,11.28311153663941,11.009842725228046,276.3127232150324,268.3773946559219,244.04638064384883,209.9865437057078,251.2162876193925,227.3659638934953,209.10408794695348,199.0272957305655,2026-07-31
MTCH,"Match Group, Inc.",39.31,USD,-0.2284263959390769,Technology services,Internet software/Services,NASDAQ,66957430.580000006,USD,1703318,3.6929570034291896,3.3114323258870044,4.270557029177717,15.109809663250376,9169707429.0,USD,United States,1.2249291,8412159,3388997.833333333,1.5285497688086809,1.18359993845162,0.564867802550296,0.6282297641089292,38.86065151529967,38.4874223511315,37.31382493152118,34.7609834646463,37.497751573224825,36.172896121745616,34.610832843664575,42.75403672628722,2026-07-31
ZETA,Zeta Global Holdings Corp.,21.37,USD,-3.2155797101449157,Technology services,Packaged software,NYSE,101839953.09,USD,4765557,11.70935703084162,8.587398373983747,10.55354371443354,39.12760416666668,5326635386.0,USD,United States,2.5672467,27671117,8431170.433333334,0.7651999560185949,0.5637569090176807,0.2127754914145647,0.2274804464273321,21.12273001338689,20.991811839988603,20.3705739538476,18.969081691485314,20.237025851497627,19.55540971826458,18.74555290601061,14.803416659132,2026-07-31
PINS,"Pinterest, Inc.",24.43,USD,-0.0409165302782388,Technology services,Internet software/Services,NYSE,240614074.89,USD,9849123,10.39313149570719,16.16737993342843,22.3028785982478,-36.380208333333336,13684643601.0,USD,United States,1.207534,47355048,13337814.866666667,-0.1191976997874455,-0.907711631135084,0.7049450586077413,0.5814875214791446,23.45449960612807,22.88336688970205,21.88001379928252,23.393661756120245,22.02407061141875,21.640488180967765,23.964782576777303,29.91950608426453,2026-07-31
RNG,"RingCentral, Inc.",53.48,USD,-7.120527961097606,Technology services,Packaged software,NYSE,125726345.92,USD,2350904,10.701718070792785,37.19856336582863,24.025974025974023,100.52493438320208,4465909595.0,USD,United States,1.6803135,13304156,2195517.6333333333,3.2928935899414853,2.589651858043076,3.653022633600969,1.8807418450759164,49.09086032909842,45.51436196914861,42.40157930780192,36.87096518017998,43.76798126197524,41.0705596507727,36.608547752823256,51.07277399142745,2026-07-31
FIVN,"Five9, Inc.",27.66,USD,1.822197680839319,Technology services,Packaged software,NASDAQ,166960268.58,USD,6036163,19.63667820069204,29.73733583489681,37.06640237859266,-2.981410031567876,2117759889.0,USD,United States,2.2075815,13904221,2587083.8666666667,1.4951341842772194,0.7536528909842436,1.0568416614311182,0.847714503270659,25.630289653453183,24.76747207733644,23.1023091896147,21.814520250871347,23.653239275145257,22.09567079716495,22.61151499388864,44.55613905301032,2026-07-31
CHYM,"Chime Financial, Inc.",22.6,USD,0.8028545941123982,Technology services,Packaged software,NASDAQ,91195045.4,USD,4035179,9.231512808119865,10.351562500000004,1.481814099685684,-30.11750154607298,8611032479.0,USD,United States,1.4408758,21721184,5984709.233333333,-0.4034297165956815,-1.0219502928142024,0.7403522347516898,0.7565464804144024,21.91456571367681,21.372353859012247,20.436033020155403,22.010042023951858,20.61851992274005,20.579550143716013,22.618208133591928,,2026-07-31
ROKU,"Roku, Inc.",145.09,USD,-0.1651414023257476,Technology services,Packaged software,NASDAQ,513351924.58,USD,3538162,2.1976473902937275,5.031127841320412,15.614167895135264,59.79074889867842,21522964577.0,USD,United States,2.1176708,11902888,4723146.066666666,11.44994813427617,10.18080932700338,2.550266982882817,2.8667644435664306,143.5848071733084,141.96549569276962,135.3790651117665,114.3654153888196,137.52517272489126,128.33551596956565,112.2449572014786,97.86981097109182,2026-07-31
PANW,"Palo Alto Networks, Inc.",325.68,USD,3.670221231895601,Technology services,Packaged software,NASDAQ,2234800527.36,USD,6861952,0.5837116649680306,-4.498269896193764,78.94505494505495,80.66233982359793,265429194031.00003,USD,United States,1.4369015,24941770,7096044.133333336,40.95592870907632,31.88420065744977,5.258287856815684,11.098420165681537,327.1729249114969,326.7675997738263,300.1278998054976,231.73400033501773,305.6987960594497,269.9762165115052,227.58610689695945,168.7719612637441,2026-07-31
ABNB,"Airbnb, Inc.",152.08,USD,-0.6078034115417152,Technology services,Internet software/Services,NASDAQ,464765756.88000005,USD,3056061,7.781715095676839,6.275331935709307,7.613925842060585,11.905813097866082,91659361733.0,USD,United States,1.1361854,16657424,3703825.133333333,4.62285379544096,3.538534329918051,2.114580569674331,1.593324011379369,147.7909906130431,146.08835158111592,142.47898918253046,135.09971797662806,143.65954360726096,139.68079544537954,134.7448528606475,135.30561040266463,2026-07-31
OKTA,"Okta, Inc.",140.42,USD,2.5637279964940407,Technology services,Packaged software,NASDAQ,381152397.08,USD,2714374,1.3862815884476445,2.909490655917918,85.9867549668874,40.92733841830589,24406029075.0,USD,United States,1.0898849,9479877,3220345.466666667,15.454362699836809,10.658258058440293,3.2745323435358387,5.471242627218803,139.61228414572258,138.55383012844345,126.31864046913252,101.66880333907211,128.43018703439373,114.2770535035254,100.697187490451,98.47526809827656,2026-07-31
BILL,"BILL Holdings, Inc.",45.39,USD,-4.260704492723046,Technology services,Packaged software,NYSE,105374428.26,USD,2321534,4.320845782578724,25.52544247787612,15.17381375285462,-0.1759401803386811,4520695308.0,USD,United States,1.216354,9954113,2446923.7333333334,-0.6003194437347332,-1.9905298141756436,2.216388299109248,2.0600795041115485,44.53975283249322,42.79140380368907,40.270578150523576,42.86575982544156,40.927418595621305,40.70290743255124,44.17085289982846,71.13608602691477,2026-07-31
TTWO,"Take-Two Interactive Software, Inc.",247.43,USD,0.4057947490159477,Technology services,Packaged software,NASDAQ,571575424.07,USD,2310049,6.812000863371466,-1.0200816065285156,14.838020978371857,10.435170720821242,46264568462.00001,USD,United States,1.1393424,8764446,2532965.533333333,5.243261211968616,2.286247823842097,1.965715579690709,1.8191387409127715,242.14073486531495,240.8865695524887,235.25673835674175,227.3063107212332,235.58336702323493,230.04280485935703,225.28026761515972,190.91428296901591,2026-07-31
JBLU,JetBlue Airways Corporation,6.07,USD,6.118881118881128,Transportation,Airlines,NASDAQ,272462754.6,USD,44886780,15.180265654648972,5.933682373472946,30.25751072961373,31.670281995661604,2290285087.0,USD,United States,2.344997,281537242,35615520.0,0.2125302081087436,0.1518412349150595,0.0689429313925193,0.0314406571762511,5.628158962993423,5.569583687591201,5.418712954607919,5.141405903537761,5.549623287169085,5.359662566996039,5.197863234172123,6.748852119837276,2026-07-31
HUBG,"Hub Group, Inc.",45.41,USD,-4.780876494023907,Transportation,Air freight/Couriers,NASDAQ,75158363.46,USD,1655106,-7.853084415584425,3.6994747659282887,3.4396355353075125,26.13888888888888,2776980818.9999995,USD,United States,1.2898644,3817570,786312.5,1.9960387729065303,1.4576323320534317,0.7778728651462501,1.289123886431646,48.00100863084435,47.65660708466265,45.73163444592495,42.147513860256055,45.74670161940701,44.00669755814179,41.74316957160778,39.514128639012654,2026-07-31
DAL,"Delta Air Lines, Inc.",88.59,USD,2.713043478260873,Transportation,Airlines,NYSE,507217438.32,USD,5725448,4.150011756407243,-5.413196668802043,29.707174231332367,63.450184501845015,58258817906.99999,USD,United States,1.034665,25993917,7742021.5,6.000002591995639,5.350186235673623,0.4746838223781395,0.512850424785681,86.5401896638486,86.3649488270201,83.52591173633722,72.37914429344507,84.52890910899696,79.73128598135662,71.11429518142067,55.69026547678956,2026-07-31
DASH,"DoorDash, Inc.",197.53,USD,2.066863018653439,Transportation,Air freight/Couriers,NASDAQ,678517130.24,USD,3435008,14.23862124804812,7.044924944453476,16.194117647058825,-19.306344213407407,86067524433.0,USD,United States,1.9002554,14678855,4440754.566666666,-1.612653605049644,-6.634255692548329,3.731913259123246,3.460603203165153,188.03329281701744,185.376812308974,178.78638435093447,186.3225688612603,180.13690682781257,178.6300472458722,187.2907041444269,164.1707476077162,2026-07-31
SBLK,Star Bulk Carriers Corp.,29.15,USD,6.425702811244973,Transportation,Marine shipping,NASDAQ,56388751.1,USD,1934434,3.589196872778956,16.740088105726873,15.812475168851794,56.63621708758732,3318652909.0,USD,Greece,1.1529183,6127282,1321029.3666666667,1.3998290392951347,1.3698514203367176,0.5162020195212733,0.2468131818849497,27.444720554823743,26.93060623753992,26.39175871092884,23.68217789700212,26.617456876187138,25.602822572484943,23.18372268522229,20.58472764287043,2026-07-31
LYFT,"Lyft, Inc.",15.55,USD,0.7124352331606296,Transportation,Other transportation,NASDAQ,150993796.6,USD,9710212,9.50704225352114,6.433949349760447,8.589385474860338,10.754985754985768,5904063345.999999,USD,United States,2.1786625,45895137,12688504.866666667,-0.2556502101434521,-0.5678302262516076,0.1531730007300762,0.1893378170726692,15.19817384670258,15.113789824371691,14.777036240595152,15.400092999713427,14.7772423651613,14.80736018904943,15.439065894242122,18.83843681866133,2026-07-31
SARO,"StandardAero, Inc.",28.98,USD,0.8701705534284719,Transportation,Other transportation,NYSE,64482441.66,USD,2225067,0.975609756097565,-3.1093279839518546,16.666666666666668,2.6203966005665795,9635037085.0,USD,United States,1.1670125,14197769,3808710.933333333,0.1426494944251821,-0.1470712421874433,0.3889269012111782,0.2631608808258779,28.60888399563997,28.28091539548086,27.713264560707888,27.659177029459705,27.932014539160708,27.69025087506068,27.75709006306454,,2026-07-31
LAD,"Lithia Motors, Inc.",427.48,USD,19.304512851999668,Retail trade,Specialty stores,NYSE,734018640.84,USD,1717083,25.37908784279221,47.15824985369548,46.53777594954065,41.95862252183443,9749032383.0,USD,United States,1.3232554,2403991,344990.0333333333,15.648538983775609,2.1488356951580485,19.29784525101843,12.153670191601025,354.0016561689048,336.5168420255808,314.6510324603518,303.41420927252426,331.5036454398928,313.4424337573372,307.90456974743955,294.1627844153824,2026-07-30
CBZ,"CBIZ, Inc.",54.9,USD,17.558886509635965,Commercial services,Miscellaneous commercial services,NYSE,931052009.7,USD,16959053,28.782547501759318,71.13466334164589,52.62718932443703,-28.692037927003504,2945315426.0,USD,United States,1.4828764,18971353,1364429.933333333,0.8782223240400313,-2.177932623405264,3.623829257909499,2.5940837069707583,44.56024750695789,41.40155901846852,37.17967080196787,40.671365968976815,39.85288355449308,37.54314922534516,43.1776123968346,52.59338250291593,2026-07-30
AVTR,"Avantor, Inc.",14.38,USD,15.780998389694048,Health technology,Medical specialties,NYSE,615392689.58,USD,42795041,25.699300699300707,45.25252525252525,82.95165394402035,2.71428571428572,9818022314.0,USD,United States,1.7044638,79644014,10951766.533333331,0.4621852829057911,-0.198600016714794,0.7724941636544322,0.5347031882239262,11.922109140558655,11.25152964070438,10.2595930255593,10.53637979631186,10.875815903564828,10.18303131709272,11.068413748259765,17.15707223058472,2026-07-30
CAKE,The Cheesecake Factory Incorporated,101.14,USD,13.62768228288956,Consumer services,Restaurants,NASDAQ,544509541.94,USD,5383721,19.381491973559964,27.15614785013829,55.504305043050415,53.40512664947671,5025177661.0,USD,United States,1.1750973,8493602,1551580.433333333,8.528828451634894,5.632761175578101,4.593776202933341,3.673901739813072,88.16914852262981,84.4465604085984,77.21796870679356,64.62935917895147,81.50920435993392,73.78515562353904,64.46842215822036,50.500422005372,2026-07-30
GEHC,GE HealthCare Technologies Inc.,71.9,USD,12.15099048510374,Health technology,Medical specialties,NASDAQ,1098071755.2,USD,15272208,18.686034995047883,12.326199031401345,21.432190508360083,-8.06802199207261,32706720012.0,USD,United States,1.0448008,29315413,5810242.666666667,-2.584161168521547,-3.237137779280165,0.2087824004669869,-0.2955509623708153,64.28644530640956,63.92978193024116,64.51676575143483,70.47341311065469,65.48674880661564,67.16377082116932,71.35187528954876,,2026-07-30
NP,Neptune Insurance Holdings Inc.,35.11,USD,10.131744040150563,Finance,Insurance brokers/Services,NYSE,56115224.59,USD,1598269,16.104497354497358,11.46031746031746,38.01100628930816,44.96284062758051,4818254074.000001,USD,United States,1.7912198,3134436,941391.9666666668,1.7931101534995513,1.0455567239642782,0.6898196888832331,0.6243882045933473,31.708734091184947,31.21723391317597,29.73061926724602,26.31359673314744,30.67485191089248,28.90547069778433,,,2026-07-30
ASH,Ashland Inc.,72.84,USD,7.101896779885308,Consumer non-durables,Food: specialty/candy,NYSE,206206543.68,USD,2830952,9.698795180722888,10.547882835028082,48.44100264927656,42.90759270158918,3335181505.0000005,USD,United States,1.1139662,4795111,961352.8333333334,3.392373905345302,2.103672251493971,1.5101037212791797,1.4397681330588417,68.25843169921524,67.17524322839276,64.17979458196417,59.60323691053805,65.72058297273269,62.57010109342082,60.131829814230464,70.92058140300405,2026-07-30
CLDX,"Celldex Therapeutics, Inc.",37.51,USD,5.424395727937043,Health technology,Biotechnology,NASDAQ,58991676.92,USD,1572692,6.320861678004526,0.8062348830959344,14.709480122324145,70.42253521126759,2944237528.9999995,USD,United States,1.0763555,3179453,1246123.2666666666,2.3550295873746734,2.0552901815174844,0.3921440642498552,0.6571359348208335,36.15261616763536,36.03609045926272,34.67388030653158,30.443919221614408,35.11388076264454,33.239586282924186,30.06678321895184,30.10858389103559,2026-07-30
DDOG,"Datadog, Inc.",264.2,USD,5.309311224489793,Technology services,Packaged software,NASDAQ,1749333457.4,USD,6621247,7.024224256663686,1.4748809340912483,98.57196542653136,74.97847539572156,94044688304.0,USD,United States,1.1601067,13884397,4323734.866666666,32.48840494241571,27.172775188306296,4.434058126566242,6.337144506652729,254.72211893620096,252.8451026105483,234.65207294778955,178.85178923198325,239.5683877203728,212.20940307084769,175.30314547985503,134.01909631444616,2026-07-30
XRAY,DENTSPLY SIRONA Inc.,14.2,USD,5.2631578947368345,Health technology,Medical specialties,NASDAQ,80087375.2,USD,5639956,9.82211910286156,33.83600377002828,23.69337979094076,-11.581569115815688,2844638969.0,USD,United States,1.2280173,14496073,6014387.266666667,0.1935078616038925,-0.2420498875005686,0.6734711412886298,0.664611648515052,13.299891895201522,12.788915605408414,11.948648483671445,12.329439709332606,12.326768207352854,11.96797349083096,12.79841143588164,23.275426418128987,2026-07-30
SNOW,Snowflake Inc.,282.9,USD,4.638260097647567,Technology services,Packaged software,NYSE,2484516913.5,USD,8782315,5.536074013280599,11.159135559921406,101.76877540831606,28.38083136685422,98053139611.0,USD,United States,1.2333411,19155547,5720798.833333333,22.533140513418743,11.744877215721058,9.799574012956557,10.941525522375205,271.47110615170624,265.2486993565452,241.84011046604675,209.1009813308908,248.4526512557561,225.91834484587628,208.5080095155809,198.876051949471,2026-07-30
OTEX,Open Text Corporation,25.88,USD,4.396934247680516,Technology services,Packaged software,NASDAQ,50340663.16,USD,1945157,15.690657130084926,16.83972911963883,15.742397137745971,-14.50280806078626,6280101893.304011,USD,Canada,1.3096445,5610285,1653489.8,-1.03637632430641,-1.5823422701300256,0.4408356791159882,0.1745742629505743,23.619012490159843,23.16763892130614,22.95561609846274,25.72374324519512,23.343605594697937,23.82547358947222,26.26432443380897,31.63021282722619,2026-07-30
TAL,TAL Education Group,10.89,USD,4.310344827586218,Commercial services,Miscellaneous commercial services,NYSE,125726629.05,USD,11545145,5.728155339805824,13.793103448275865,0.5540166204986195,5.421103581800586,6026965508.0,USD,China,1.114393,23267753,3861688.8,-0.2415293096362507,-0.313252936002999,0.1998266493217393,0.1527539822852905,10.440300917487026,10.260048827662356,10.191028897229987,10.686897030750016,10.24092692685643,10.40219746927216,10.7046585795487,12.599811072635024,2026-07-30
SONO,"Sonos, Inc.",17.52,USD,4.285714285714279,Consumer durables,Electronics/Appliances,NASDAQ,67951985.76,USD,3878538,19.264805990469707,29.490022172949004,20.66115702479339,52.74629468177854,2087134348.0,USD,United States,1.8620564,7896197,2336019.1333333333,0.1165603611755674,-0.0880896560719028,0.4690342642007206,0.1522600169677641,15.597139617085205,15.096397287059158,14.81550678584702,14.78847248095347,15.15386029723894,14.990722139101402,14.771888282160043,15.286952424184443,2026-07-30
ESTC,Elastic N.V.,64.44,USD,3.76811594202898,Technology services,Packaged software,NYSE,140346775.79999998,USD,2177945,9.815950920245395,13.012977902490343,37.39872068230277,-28.30440587449933,6698643268.0,USD,United States,1.3517139,4806051,1799549.3333333333,-0.8697071604582831,-2.696911160285842,0.7741495890595687,0.6350085672855389,61.184825919781154,60.59584380265574,58.99194364614901,64.01562038478835,59.47830589253751,59.0065438237283,65.69141553866372,81.0778606137482,2026-07-30
YMM,Full Truck Alliance Co. Ltd.,9.64,USD,3.7674919268030296,Technology services,Packaged software,NYSE,73132173.0,USD,7586325,4.668838219326815,18.71921182266012,15.449101796407197,-17.606837606837598,10001927690.0,USD,China,1.754237,25048817,6744053.7,-0.2581064440568585,-0.4910225968420871,0.2668201936229852,0.2068096347356934,9.20524876918032,8.971089708743925,8.748587387943557,9.530609426572845,8.838360462370058,8.907630449332588,9.636256067234934,9.549716388495858,2026-07-30
GLBE,Global-E Online Ltd.,40.26,USD,3.4961439588688936,Retail trade,Internet retail,NASDAQ,109730481.96,USD,2725546,11.184755592377789,15.922833285344089,28.33917755817659,16.123449668301113,6746298796.0,USD,Israel,1.547212,5024590,1595507.9,0.9664080276351116,-0.0562295041328921,1.027873816703277,1.0004696742118857,37.656768008915215,36.9238650535179,35.1572815111849,34.6697005109881,36.12099426570529,34.89502597995691,35.07655522036218,36.46294892086167,2026-07-30
ELAN,Elanco Animal Health Incorporated,26.39,USD,3.409090909090913,Health technology,Biotechnology,NYSE,174534909.64000002,USD,6613676,5.941389000401447,7.232832182039826,20.28258887876025,80.75342465753425,13180474242.0,USD,United States,1.2367407,13602629,4655455.066666666,0.8720563593027961,0.6930314448258765,0.4050386502922514,0.3955549414299336,25.46473439839135,25.17095459831728,24.48868815230069,22.577161958157028,24.798844395510663,24.12265549917084,22.107150079474494,18.88599520639084,2026-07-30
GTLB,GitLab Inc.,34.03,USD,3.2306992264522902,Technology services,Packaged software,NASDAQ,155136270.27,USD,4558809,8.79156010230179,11.464133639043563,56.74804237678489,-30.137548757955244,5747666898.000001,USD,United States,1.5796807,12567961,4480952.566666666,0.0803949973541087,-1.3532242271335635,0.8788071798569206,0.96329804837271,32.552679434881256,31.97809549958148,30.12276055787617,32.40036456427008,30.655217723815817,29.735987679640857,33.676454185524705,45.98568272379562,2026-07-30
AMC,"AMC Entertainment Holdings, Inc.",2.75,USD,2.996254681647943,Consumer services,Movies/Entertainment,NYSE,104736269.0,USD,38085916,21.145374449339204,44.736842105263165,76.28205128205128,-11.290322580645164,2454662689.0,USD,United States,3.7330518,151408729,56431400.86666668,0.1503713426446706,0.0358714807057767,0.1574615236053138,0.0874437279518772,2.389056894945555,2.242384958183016,2.0344742269184484,2.011073252377129,2.1268108865712554,1.945132563122568,2.200832874763889,19.328532022360317,2026-07-30
BCO,Brinks Company (The),121.71,USD,2.943415376807908,Commercial services,Miscellaneous commercial services,NYSE,82331216.33999999,USD,676454,-0.237704918032792,28.80728119377712,13.68391556136745,32.42302252203242,5012142693.0,USD,United States,1.2893726,2656791,589129.8,0.6398788312350518,-1.7092296824142776,5.217739281886708,4.635610186389529,118.38164388723644,114.05387250172974,109.00936088720756,108.8696913428112,111.00108081383574,109.64182814002494,108.63057724429578,94.20891434996145,2026-07-30
SIRI,SiriusXM Holdings Inc.,32.59,USD,2.872474747474759,Consumer services,Broadcasting,NASDAQ,212485366.04,USD,6519956,9.36241610738256,10.324983073798254,25.34615384615386,39.30326992947212,10970443703.000002,USD,United States,1.2300907,15476837,4215915.000000001,2.1595782867469104,1.8127000432142792,0.6841640751392504,0.6045483897392436,30.96192955044685,30.43988956276656,29.11536550368268,25.60100966540669,29.56811043903267,27.774276240030453,25.564661118748216,33.26098411930701,2026-07-30
BILL,"BILL Holdings, Inc.",47.41,USD,2.264883520276094,Technology services,Packaged software,NYSE,124677869.8,USD,2629780,8.963456676626059,31.11172566371681,28.83152173913044,2.596840510711958,4721880739.0,USD,United States,1.216354,7632579,2457603.033333333,-0.4391798425951307,-1.9583018939477228,2.269956088237741,2.021002305362124,44.35080901749171,42.51786736197213,40.0616221566674,42.84039057745605,41.29469132289403,40.8952883849322,44.25006858610297,71.15618552940232,2026-07-30
CPAY,"Corpay, Inc.",392.85,USD,2.219504579517077,Commercial services,Miscellaneous commercial services,NYSE,352869262.65000004,USD,898229,6.009498623778952,17.877396705374036,29.743386505498854,17.609196778732468,25677428938.000004,USD,United States,1.1926987,2326395,686684.0666666667,15.01287503178662,10.437781814303609,9.26246609120176,6.527679944822905,373.8808095786435,365.7746238358896,353.28364123854334,330.7293424935274,359.01280318722945,345.6062099885657,330.4963904899686,298.9871018437706,2026-07-30
F,Ford Motor Company,15.28,USD,2.13903743315507,Consumer durables,Motor vehicles,NYSE,1502933496.1599998,USD,98359522,6.332637439109257,9.928057553956828,32.28291922777248,35.34100974313552,60888362940.0,USD,United States,1.7489074,232818524,55658615.73333333,0.4796553620483852,0.4145810691677569,0.1953563021794746,0.0554563018855585,14.54951304474973,14.342126659018222,14.09359284868622,13.201587940569556,14.309524778751316,13.926119331187058,13.155290644802523,12.27080841488998,2026-07-30
NSIT,"Insight Enterprises, Inc.",127.42,USD,2.099358974358978,Technology services,Information technology services,NASDAQ,68653641.16,USD,538798,8.30429239269018,4.614121510673239,73.80984858818715,-13.112853733378795,3848583234.0,USD,United States,1.719685,1309726,429258.76666666666,8.628413855245483,4.77519731859516,3.3719784953479035,2.8491790740216647,120.4874999596558,117.96338985542212,110.20676749119517,101.67712372950048,112.98414722335156,104.17064701417706,104.58306811066176,123.22209893323368,2026-07-30
IQV,"IQVIA Holdings, Inc.",247.56,USD,1.901704124475181,Health technology,Biotechnology,NYSE,554972828.76,USD,2241771,18.99062725306416,28.12338267260118,59.71612903225807,25.182038834951463,40748377109.0,USD,United States,1.1413647,9498635,1590931.6666666667,7.6022880424036146,0.0664658461981189,10.511994556690295,7.405311506055416,219.3007224363369,210.2697949362818,196.77454045147783,190.48561722063096,203.7952442821101,194.61521062281207,192.1568586799188,197.6349998442821,2026-07-30
BZ,KANZHUN LIMITED - American Depository Shares,16.1,USD,1.769911504424786,Commercial services,Commercial printing/Forms,NASDAQ,50979184.900000006,USD,3166409,4.409857328145276,25.097125097125115,18.29537105069803,-18.809884014120005,7610683990.59633,USD,China,1.3020302,13869920,3483912.1333333333,-0.6251357754098237,-1.1011745254424004,0.5754349731181225,0.4542809879509982,15.44526320633114,14.94767481666409,14.429321024140808,16.01696991338164,14.53910955110886,14.766964525777746,16.217099142947653,19.289410767597037,2026-07-30
RVTY,"Revvity, Inc.",113.37,USD,1.6680118375033623,Health technology,Medical specialties,NYSE,264485974.65,USD,2332945,2.6251470987598493,1.8964587452813224,36.9699166364625,19.538169548713626,12647532146.0,USD,United States,1.5424942,5454607,1489843.2,4.422932719517846,2.6576803414024446,1.5753039755189917,1.9157222458462315,111.0117241282671,110.11554700820358,106.01401993818637,99.88740117050816,107.61312604897935,103.39554536031513,100.32671832540218,108.05253278317664,2026-07-30
BAX,Baxter International Inc.,24.77,USD,1.6413623307345038,Health technology,Medical specialties,NYSE,233681690.97,USD,9434061,10.580357142857148,16.18198874296435,39.70671178793005,-12.689460697920342,12792937221.0,USD,United States,1.7529324,21983385,6183213.99999999,0.8926468078023113,0.1727716507834527,0.761754723800049,0.63501850649879,23.107911161566637,22.513487942837653,21.21888660031812,20.971262926400318,21.86636440281644,20.78825613186885,21.66897164299777,34.889902150090435,2026-07-30
PVH,PVH Corp.,88.34,USD,1.6336861481822385,Consumer non-durables,Apparel/Footwear,NYSE,74084750.88000001,USD,838632,9.861957467976628,18.960409372475084,-3.2102552865125373,14.846593863754553,4073188790.000001,USD,United States,2.0693514,2712056,969902.7666666668,1.5220289846202917,1.6548242618989473,1.4409309360576543,0.0846603537542417,82.25863626936287,80.48138203771319,80.37892255446137,78.72572203777432,81.25264576497419,80.16277227061732,79.00439919398899,85.09612093229208,2026-07-30
VNO,Vornado Realty Trust,40.65,USD,1.4727908137793218,Finance,Real estate investment trusts,NYSE,102067109.4,USD,2510876,2.341389728096676,3.4351145038167976,36.180904522613055,3.4351145038167976,7646173735.000001,USD,United States,1.3075261,5979034,1731648.933333333,2.263887997466391,1.2431590641406804,0.7252027946612216,0.8229650675250435,39.74346931857707,39.309450307253336,37.25353332937396,34.4346512248064,38.02353523667264,35.7324636552255,34.71868034838914,34.786650719855885,2026-07-30
SLG,SL Green Realty Corp,53.82,USD,1.451460885956651,Finance,Real estate investment trusts,NYSE,55229169.06,USD,1026183,-1.446621497894157,3.959822290902061,26.367691946466294,-8.329075114971896,4111847805.999999,USD,United States,1.0977496,3061548,1185846.7333333334,2.1832934552261065,0.914033840417732,1.1688083134945089,0.9488521095573212,52.55826555067599,51.63691913136986,49.35275414993991,47.773374391302895,50.64638729897695,48.238783779318574,48.72665371838356,53.86659740966665,2026-07-30
NVO,Novo Nordisk A/S,51.58,USD,1.216640502354783,Health technology,Pharmaceuticals: major,NYSE,449408545.1,USD,8712845,5.761738773836365,7.59282436378807,23.24970131421744,-4.39295644114922,229124507324.35107,USD,Denmark,1.7298143,25040721,10144002.333333334,0.4132784628908226,-0.9567979104663072,1.003771330700232,1.0459850247226077,49.88747719529084,49.200789670257926,47.24959520878855,49.54203623348457,48.04391407649465,46.8999391962871,51.79665470243524,68.59855674368598,2026-07-30
RNG,"RingCentral, Inc.",57.58,USD,1.141753030036885,Technology services,Packaged software,NYSE,142903310.76,USD,2481822,19.18857379424549,47.71677783478708,45.257315842583246,111.07038123167152,4808285056.999999,USD,United States,1.6803135,10953252,2155644.7333333334,3.6199591170070073,2.6550649634561805,3.3961070768910204,1.4376716479446532,48.11549595778696,44.67587375537478,41.94939887138567,36.70404020711646,44.51343580742978,41.46103584124889,36.76933206654875,51.11357001132794,2026-07-30
RYAN,"Ryan Specialty Holdings, Inc.",46.48,USD,1.0215170615083653,Finance,Insurance brokers/Services,NYSE,143948420.56,USD,3096997,11.329341317365262,23.09322033898305,35.15556847920906,-28.983957219251344,12254889658.0,USD,United States,1.050674,10522234,2345555.433333333,-0.5625671347052972,-2.6336949836355634,1.9457065177736157,1.6691331206181073,42.92106291230003,41.38944412040948,38.72150455423184,42.90909233630909,40.054020572341365,39.34270795413507,44.59939428496351,47.7451799241973,2026-07-30
ZM,"Zoom Communications, Inc.",92.41,USD,1.0166156536947886,Technology services,Packaged software,NASDAQ,285990005.95,USD,3094795,5.023298102057054,7.067547213532609,-3.235602094240841,22.12237346372406,27097591855.0,USD,United States,1.0566387,9684960,3584062.9,1.1569596496769634,2.095024407441526,-0.3327845975889261,-0.8640063639473665,89.97333164725573,89.90958892035727,91.16801764256782,88.10240752384311,91.23199684840765,90.84323361442584,87.29200816378736,98.26606136977112,2026-07-30
SBUX,Starbucks Corporation,104.14,USD,1.0087293889427802,Consumer services,Restaurants,NASDAQ,1306533254.34,USD,12545931,0.8619854721549642,1.9082101966924383,-1.3339902224580298,11.67828418230563,118688352219.0,USD,United States,1.0583913,25126178,7144902.233333333,2.977898732550713,3.0469322065370155,0.3233235955861033,0.6889714957935162,104.08514382600896,104.0306868033357,102.7994948888617,97.21734326761089,103.23131550134732,101.05815381943808,96.69800457329536,93.20609817279323,2026-07-30
ROKU,"Roku, Inc.",145.33,USD,0.9867278159961196,Technology services,Packaged software,NASDAQ,443615319.77,USD,3052469,2.366697189547097,5.20486463008544,28.59923900539776,54.92777570491979,21558567512.0,USD,United States,2.1176708,8364726,5112171.333333333,11.469093433421463,10.18463838683244,2.573187921092483,2.9458888087373336,143.25031987848806,141.63660050253483,134.98270042245082,114.05662559373236,137.56880908852764,128.35837311242278,112.25436896618449,97.87219903079333,2026-07-30
ADT,ADT Inc.,7.41,USD,0.9536784741144452,Commercial services,Miscellaneous commercial services,NYSE,70613883.99,USD,9529539,5.25568181818182,14.000000000000002,-2.499999999999994,-11.57517899761337,5027705249.0,USD,United States,1.0745173,26893315,8451042.666666666,-0.1612658125335704,-0.2602361187359497,0.1366530256158693,0.0773534583980187,7.084318850617454,6.952189265130272,6.871152397903197,7.290649201707757,6.955804270510481,7.026612914413361,7.380698843675643,7.528301368611899,2026-07-30
ILMN,"Illumina, Inc.",194.82,USD,0.953466680485026,Health technology,Medical specialties,NASDAQ,330042029.34,USD,1694087,0.3761141738368745,10.800204743217868,60.0558659217877,77.49635568513118,29476267703.0,USD,United States,1.5301582,5545787,1864196.099999994,17.854631888601403,13.778449595455768,5.854483569900424,6.6714247500124175,191.7253041497873,188.003083156379,174.58516459381096,143.45558576400177,178.0506949279027,162.81897313189074,141.2664169861765,155.48440361751338,2026-07-30
GPN,Global Payments Inc.,88.27,USD,0.9261376629316284,Finance,Finance/Rental/Leasing,NYSE,259747450.69,USD,2942647,9.083044982698956,21.651047409040785,25.01062172496813,4.412112609415649,24145682728.000004,USD,United States,1.5882947,9997266,3559951.2666666666,1.5386647996635787,-0.650107969263735,3.7037619434784688,2.8928630982268864,82.3848170982085,79.24720244650418,74.98054476363342,75.54882771296735,76.9846351350976,74.73297856895735,77.07995154026914,98.30730683825502,2026-07-30
ZETA,Zeta Global Holdings Corp.,22.08,USD,0.8679762448606566,Technology services,Packaged software,NYSE,169202837.76,USD,7663172,15.420805018295866,12.195121951219503,23.008356545961,37.74173424828445,5503608063.0,USD,United States,2.5672467,22905510,8551865.066666666,0.8218381326567687,0.5750845443453155,0.2021532744158953,0.2311566851805239,21.06778112747287,20.9520025599874,20.329781054004645,18.944951859238937,20.366116760588536,19.623028765883628,18.77339604326551,14.810481335748914,2026-07-30
SIG,Signet Jewelers Limited,98.86,USD,0.8363933088535221,Retail trade,Specialty stores,NYSE,75014078.26,USD,758791,8.292255449665891,14.686774941995356,15.1543389633081,17.03563395288268,3888142132.0,USD,Bermuda,1.2219222,2750393,836929.1,0.7700681447138464,-0.366129975326997,2.8374383897361923,1.6242543386322794,93.0592444161232,90.3634998009912,87.98290161070538,87.50807351350409,89.8032501270314,88.80659578388038,87.52571302258168,80.2878141432916,2026-07-30
BBY,"Best Buy Co., Inc.",90.17,USD,0.7823851570358812,Retail trade,Electronics/Appliance stores,NYSE,342049795.96,USD,3793388,5.54840220063209,18.83236689509753,53.74254049445866,32.91568396226415,19004870857.0,USD,United States,1.1443907,9326702,3679791.066666667,4.8272882169463145,2.2178203655460704,3.58065608465715,3.3403145622522707,86.67889683865678,83.97896932586407,77.89397510341017,71.80706533689029,80.06289146402568,75.11276573251513,72.70009396181646,77.12852669232325,2026-07-30
U,Unity Software Inc.,32.04,USD,0.6597549481621139,Technology services,Packaged software,NYSE,260993578.68,USD,8145867,11.949685534591188,12.106368089573133,22.758620689655164,-4.358208955223883,13986581917.0,USD,United States,1.8406212,23105041,6923490.633333334,0.0966545501009541,-0.7370466478054796,0.5996604658351572,0.505140826011522,30.423692426773265,29.958729641230345,28.865196792431416,29.34590417027465,29.088028487536725,28.5598989577053,29.33364359920765,42.2733167425097,2026-07-30
PTON,"Peloton Interactive, Inc.",6.59,USD,0.6106870229007639,Consumer services,Other consumer services,NASDAQ,69917580.32,USD,10609648,8.388157894736839,11.50592216582064,19.818181818181817,2.1705426356589097,2853416726.0,USD,United States,2.0254116,25881273,8527380.633333333,0.1521841053922656,-0.0080333176945849,0.174463458029499,0.1484078079651071,6.303758012406221,6.163888826256983,5.8771858616679165,5.810207151266204,5.941534292497542,5.731051992284701,5.905939315584152,15.444333256839672,2026-07-30
ALV,"Autoliv, Inc.",124.77,USD,0.5317863185883464,Producer manufacturing,Auto parts: OEM,NYSE,81816180.72,USD,655736,6.196272023150907,7.402943961435822,9.29397337070778,6.9885096895901135,9137807789.0,USD,Sweden,1.0540905,1787643,784302.1666666666,1.18057058963916,0.997473830722074,0.2160565866547443,-0.3532680913629495,120.65204087137327,120.24617833336924,120.03709900541214,117.61802360730002,120.49351785131566,119.53274284398992,116.99582733331282,105.5577231114512,2026-07-30
OKTA,"Okta, Inc.",136.91,USD,0.5139123412377862,Technology services,Packaged software,NASDAQ,364012748.34,USD,2658774,-1.148014440433215,0.337119824111402,82.23079994675895,39.6470828233374,23795966199.0,USD,United States,1.0898849,6765503,3233984.4,15.17436269983682,10.602258058440295,3.469274365008374,6.020420198139544,139.4327917336609,138.3573911945954,125.74307477399508,101.27934407614823,127.7920052162119,113.9427677892397,100.55954043162748,98.44034272514224,2026-07-30
ARWR,"Arrowhead Pharmaceuticals, Inc.",86.22,USD,0.512940079272555,Health technology,Biotechnology,NASDAQ,155952666.72,USD,1808776,0.7242990654205661,5.77843209422156,21.010526315789477,420.6521739130435,12144691564.0,USD,United States,1.8780687,5948061,2874934.566666667,6.731979747996647,6.69260496711045,1.9358941989892031,0.9455372710224326,82.9084837203418,81.07165438158248,78.23334410315917,63.828080542914805,79.39657483248185,74.61153880610803,61.0955677645466,41.39992126682863,2026-07-30
DFTX,"Definium Therapeutics, Inc.",42.16,USD,0.4766444232602376,Health technology,Pharmaceuticals: major,NASDAQ,74655030.8,USD,1770755,-2.3395876766272994,-10.374149659863953,102.88739172281036,335.5371900826446,5596455635.999999,USD,United States,1.0167427,5276119,3740972.633333333,7.326977011074799,5.593551312318247,1.9344173739322412,3.0274127689052794,43.11710271281556,42.33086812080396,36.54795493460448,23.53739369516611,37.596743889131005,31.306512668212346,22.390459093303733,14.654476154769432,2026-07-30
MIAX,"Miami International Holdings, Inc.",46.4,USD,0.4329004329004236,Finance,Investment banks/Brokers,NYSE,65684628.8,USD,1415617,8.46189808321645,24.8654467168999,-1.7781541066892534,46.60347551342812,4490993177.0,USD,United States,1.3151647,4541839,2238809.433333333,0.1173342476569487,0.2718057161140829,0.8277402983441107,0.2714676520195481,43.61416086451066,42.68136370330208,42.698843059681934,42.22131378205464,43.30967044240657,43.32955525660503,42.64006666666666,,2026-07-30
HPQ,HP Inc.,28.41,USD,0.42417815482503,Technology services,Information technology services,NYSE,534364343.43,USD,18809023,10.330097087378642,29.489516864175013,41.34328358208954,9.26923076923077,25981589912.0,USD,United States,1.0345889,58218222,15871193.200000018,1.0294886238872571,0.4357454977379574,0.96359501151683,0.5102566375570065,26.10088905524125,25.18001310136911,24.02796651826632,23.27304974849233,24.75162808883592,23.6380910101118,23.838899896968144,27.06939695904435,2026-07-30
KMX,CarMax Inc,59.11,USD,0.3906249999999946,Retail trade,Specialty stores,NYSE,259971986.55,USD,4398105,1.406759306913708,11.760257137455094,54.65724751439037,-1.8269390466699904,8388364440.999999,USD,United States,1.2132188,9455085,3615525.6666666665,3.4009938704364444,1.5285759881810512,2.442090201272869,2.425528884102974,57.73333676369221,55.96068537285883,51.61399746991338,48.43144913014326,53.08597574045355,49.49559171449525,49.809288129136455,65.64364623994483,2026-07-30
TFX,Teleflex Incorporated,134.65,USD,0.3353204172876431,Health technology,Medical specialties,NYSE,73904268.3,USD,548862,1.930355791067382,6.224360997159987,1.65332930696059,16.89382758920046,5960983542.0,USD,United States,1.0565149,1341865,440370.2,3.925734463386391,3.4067623607375923,0.9318739448097232,1.0546792172263335,133.29710735717254,132.6695508993652,130.5656880509053,126.49464284048352,131.85565280348092,128.4869927784206,128.4414692318642,181.3843041282287,2026-07-30
PINS,"Pinterest, Inc.",24.44,USD,0.3284072249589567,Technology services,Internet software/Services,NYSE,270302856.2,USD,11059855,10.4383190239494,16.214931050879695,24.88502810424119,-37.49360613810742,13690245302.0,USD,United States,1.207534,37505925,13691311.6,-0.1183999789897214,-0.907552086975539,0.6484201228538211,0.5506231371969955,23.2377217408232,22.720563404407528,21.77593272986548,23.38324629638276,22.02588879323693,21.641440561920145,23.96517473364005,29.919605586752088,2026-07-30
DB,Deutsche Bank AG,35.47,USD,0.3110859728506771,Finance,Investment banks/Brokers,NYSE,115237950.95,USD,3248885,2.3369878822850616,5.065165876777254,14.65977048650396,6.9017480409885446,66445206702.9202,USD,Germany,1.6438668,7242907,2277385.7666666666,0.412912119246215,-0.0053848463196641,0.2937925139257231,0.414399325886729,35.25888345547818,35.12153393460298,34.327555407568184,33.340418102419385,34.433580502156445,33.945541289347126,32.858582085691744,23.87116249846868,2026-07-30
MTCH,"Match Group, Inc.",39.4,USD,0.3054989816700545,Technology services,Internet software/Services,NASDAQ,109737904.4,USD,2785226,3.930361382221056,3.547963206307494,6.457714131315862,15.440961031350705,9190701452.0,USD,United States,1.2249291,6708841,3429054.8666666667,1.5357292559881657,1.185035835887517,0.5579396808608905,0.6440702544985875,38.76079629647737,38.40083523019797,37.232348398113885,34.71526470549702,37.51411520958846,36.181467550317045,34.61436225542928,42.75493224867528,2026-07-30
URBN,"Urban Outfitters, Inc.",75.4,USD,0.2659574468085144,Retail trade,Apparel/Footwear retail,NASDAQ,59382401.00000001,USD,787565,7.760468772331008,6.406999717753326,10.492379835873406,-3.283735248845547,6456885620.0,USD,United States,1.2326896,2510829,1171035.3333333333,0.895197585518801,0.7923002309765941,0.5214520043171831,0.1469110047232301,73.04245933282274,72.48365973644002,71.89545448441844,69.77832755201685,72.30520577143588,71.59837408777442,69.22345892695746,53.29570078974776,2026-07-30
RDNT,"RadNet, Inc.",63.37,USD,0.2372666877570366,Health services,Medical/Nursing services,NASDAQ,54875695.09,USD,865957,2.92350170537599,2.756607750932375,13.64777618364419,8.995528035775708,4983051170.0,USD,United States,1.1499062,2271393,934961.6666666666,-0.7623333154265239,-2.0171568938361304,0.6388529063120529,0.9211635745322326,62.24451513325288,61.966658499639024,60.50215259318864,62.88953327328184,61.29185398537562,61.266094238254574,63.130999840239504,52.62057936455325,2026-07-30
CHYM,"Chime Financial, Inc.",22.42,USD,0.2235136343316973,Technology services,Packaged software,NASDAQ,114461319.24,USD,5105322,8.361527307878204,9.472656250000004,5.605275553462088,-33.07462686567163,8542448920.000001,USD,United States,1.4408758,17686005,5977779.7,-0.4177886909546586,-1.024822087685998,0.7194130229129101,0.7605950418300805,21.76224698338277,21.243127949434587,20.347707837304604,22.004112798061925,20.58579265001278,20.56240728657316,22.611149310062515,,2026-07-30
VAC,Marriott Vacations Worldwide Corporation,102.79,USD,0.2144876669591626,Consumer services,Other consumer services,NYSE,56534191.63,USD,549997,8.899247801673912,0.8932076953278473,48.28332371609928,23.32333533293343,3530123513.9999995,USD,United States,1.4094418,1362700,427180.2,9.362956258424248,7.838277623465077,1.681600199781144,1.8077232442145288,99.08580920022762,98.0959728671992,92.62981933853656,77.57191210284907,94.49588314453912,86.5960940337972,77.411362570078,88.65285985578244,2026-07-30
AS,"Amer Sports, Inc.",36.06,USD,0.1944984717977223,Consumer durables,Recreational products,NYSE,111096352.5,USD,3080875,6.308962264150944,6.560283687943258,3.3237822349570307,-6.941935483870962,20852481525.0,USD,Finland,1.4582608,11532861,3829277.533333333,-0.0210700178213656,-0.0707316070683116,0.1414518948550025,0.0299028849248833,35.1322891262839,34.975031115269644,34.93312441887398,34.82024933076856,35.237483073479105,35.25319047318073,34.44739638337199,,2026-07-30
GEN,Gen Digital Inc.,27.63,USD,0.1812907904278488,Technology services,Packaged software,NASDAQ,140772611.97,USD,5094919,6.927244582043341,11.008437123342702,45.34455549710677,-9.941329856584096,16538684423.0,USD,United States,1.2864426,13165609,5600784.666666667,0.729746448856595,0.1110863821200666,0.5297766701243134,0.4757675412249361,26.59965292043887,26.203176043030428,25.14185833114844,24.60060856268567,25.57751372772803,24.67619742609219,24.91369027694632,24.72165874820876,2026-07-30
FIVN,"Five9, Inc.",27.165,USD,0.1659292035398162,Technology services,Packaged software,NASDAQ,60053230.86,USD,2210684,17.49567474048442,27.415572232645395,60.26548672566372,-7.0646595963051695,2079860797.0,USD,United States,2.2075815,7868058,2464156.533333333,1.4556470047900376,0.7457554550868072,0.9137857508739948,0.7954327137305442,25.17924290977612,24.46299545389817,22.916280993272444,21.7557717106791,23.563239275145257,22.04852794002209,22.592103229182754,44.55121367987599,2026-07-30
VCYT,"Veracyte, Inc.",55.71,USD,0.1078167115903005,Health technology,Medical specialties,NASDAQ,51768963.18,USD,929258,-1.5898251192368813,-5.142176059935291,74.63949843260188,121.33492252681764,4445248365.000001,USD,United States,1.1035722,2418354,1257434.0333333334,5.716267806766126,4.367339685542377,0.9329895908923548,1.7148682243220033,56.8641974781682,56.65639608276281,52.5700404047376,42.648726179020095,53.31478356859803,48.32621708689617,41.89463503417671,33.67942728608531,2026-07-30
CRNX,"Crinetics Pharmaceuticals, Inc.",83.88,USD,0.023849272597181,Health technology,Pharmaceuticals: major,NASDAQ,136016033.4,USD,1621555,0.1791472590469263,124.15820416889365,118.38063004425932,174.746151326564,8888597663.0,USD,United States,1.7800527,9155081,6364381.566666666,9.358134537722776,3.4570332148819203,10.0111281161914,11.059730099261568,82.31023946868125,75.28112059166806,60.1281279542531,46.37058660921917,63.04134472722681,53.38623586348817,46.06074854544817,37.622166023235536,2026-07-30
LYFT,"Lyft, Inc.",15.44,USD,-0.0647249190938497,Transportation,Other transportation,NASDAQ,196277371.6,USD,12712265,8.732394366197186,5.681040383299111,6.999306999306998,8.57946554149085,5862298036.0,USD,United States,2.1786625,36184925,12840867.933333334,-0.2644251389183818,-0.5695852120065935,0.1285348893702966,0.1983790211583174,15.119990257080932,15.06787296377924,14.745486699394956,15.398586396695473,14.757242365161298,14.796883998573238,15.434752168751926,18.837342291298143,2026-07-30
ABNB,"Airbnb, Inc.",153.01,USD,-0.0653125204101774,Technology services,Internet software/Services,NASDAQ,589477145.4,USD,3852540,8.440822111977319,6.925227113906357,7.753521126760557,7.624674685235989,92219872872.00002,USD,United States,1.1361854,13601358,3724372.466666667,4.697041829629029,3.5533719367556644,1.803473351533711,1.4630098718056284,146.83787741594156,145.45765174754916,142.08711118998067,134.92906187589065,143.82863451635183,139.769366873951,134.7813234488828,135.3148641340079,2026-07-30
NKTR,Nektar Therapeutics,70.68,USD,-0.1271725307333463,Health technology,Pharmaceuticals: major,NASDAQ,69477309.12,USD,982984,-0.0636267232237362,1.2462397937258336,-15.048076923076916,192.18685407193055,2387996598.0000005,USD,United States,1.2454973,2514208,1109870.3999999987,2.5209827637389566,3.511902234559797,0.9939636312822556,0.8223719353183331,69.78815999509136,68.91736711932731,68.55575405586477,60.90745376243024,68.7855000128225,67.71576361344052,58.29121898180019,67.68057724222342,2026-07-30
KSS,Kohl's Corporation,19.06,USD,-0.1571503404924103,Retail trade,Department stores,NYSE,50653932.24,USD,2657604,6.243032329988837,7.562076749435666,34.3199436222692,50.55292259083728,2161403823.0,USD,United States,2.7377336,10030839,4075970.6,0.6048396682455355,0.1518436939209991,0.5631959370226483,0.4472735489368696,18.30069404937437,17.852630449840316,16.887652198049278,16.010265997525817,17.293474064326983,16.637937871845594,16.111289835081877,21.46746579752115,2026-07-30
RELY,"Remitly Global, Inc.",23.29,USD,-0.1714530647235282,Commercial services,Miscellaneous commercial services,NASDAQ,57796021.49,USD,2481581,3.373280071016413,3.926818384649706,7.649641784146048,35.406976744186046,4903967768.000001,USD,United States,2.4900558,7298898,3561822.2,1.7857545436797615,1.6154494093756473,0.3520440470308514,0.567828002227124,23.28021123351638,23.130888868359392,22.111434133874653,19.132708159475342,22.31838513204352,20.870227988248093,18.99459752503628,17.541074574572733,2026-07-30
VSXY,Victorias Secret & Co.,89.13,USD,-0.2015451797111262,Retail trade,Apparel/Footwear retail,NYSE,164784167.91,USD,1848807,6.678635547576301,6.768088164829889,74.01405700898086,330.9961315280464,7085096973.0,USD,United States,1.4494376,6338647,1877338.433333333,10.09484243608199,8.015981035166913,3.34562092175193,3.236183256946351,85.62604566834364,83.26629402957538,75.85077632625729,57.116307875412026,77.6278222837584,69.19593341839743,55.22449065324065,40.59921132347826,2026-07-30
VTRS,Viatris Inc.,17.82,USD,-0.2239641657334778,Health technology,Pharmaceuticals: major,NASDAQ,178689622.32,USD,10027476,3.364269141531333,12.216624685138536,18.248175182481752,92.85714285714286,20915013004.000004,USD,United States,1.0493845,29392544,9909514.5,1.108979079183772,1.0676995420850837,0.3996970164138247,0.3177338409140909,17.37766569196687,17.04248716209651,16.45289043691215,14.2942102884668,16.675797496843945,15.854905017865727,14.011010743790326,12.768995493425107,2026-07-30
ACA,"Arcosa, Inc.",144.87,USD,-0.2822136563876628,Non-energy minerals,Construction materials,NYSE,143475481.38,USD,990374,-0.0896551724137899,-0.2890770183770304,23.64086370231288,61.34313397928499,7101294015.0,USD,United States,1.0946126,2223243,1063072.8666666667,9.576725344005354,8.053221299752263,2.191670549125945,2.887275389250185,144.97145899858356,143.8227072450478,137.57619425382313,119.61517935740206,138.86940873215056,131.0494964007609,117.57422937094414,91.25995557544896,2026-07-30
SN,"SharkNinja, Inc.",159.22,USD,-0.3878878878878907,Consumer durables,Electronics/Appliances,NYSE,238599927.1,USD,1498555,7.146702557200542,4.56426085243317,39.89983305509182,32.69439119926661,22532873561.000004,USD,United States,1.2702686,4049386,1570655.5,11.63418944324448,8.082396380792304,4.704891680562156,4.848758284351952,153.00649045260894,149.8304245842579,139.84583564030797,120.79187590075576,143.7548828637025,133.38550745456774,119.61688606539504,,2026-07-30
PAYO,Payoneer Global Inc.,7.12,USD,-0.419580419580423,Commercial services,Miscellaneous commercial services,NASDAQ,86695021.04,USD,12176267,0.0,0.0,39.88212180746562,5.014749262536871,2407944068.0,USD,United States,1.1395668,18121310,4916636.9,0.4560951286529091,0.235047122579677,0.1532209711179719,0.205323121669802,7.1188378804150805,7.044122249512487,6.573971357972301,6.011303193809182,6.6706748797885655,6.203851295266352,6.074698889824339,6.714571795014479,2026-07-30
UBS,UBS Group AG Registered,51.8,USD,-0.4420526619258197,Finance,Investment managers,NYSE,171291152.2,USD,3306779,0.1159644375724684,4.5197740112994245,19.65811965811965,36.4953886693017,156846402593.27414,USD,Switzerland,1.3716835,6548497,1878630.1333333333,2.8254213633691805,2.2939574832121417,0.683289253012326,0.9427562038965156,52.12217493264966,51.771400412828086,49.80679538887932,44.39651020636482,50.07870484811436,47.72099615167496,43.65793272426217,33.22696724408108,2026-07-30
AAP,Advance Auto Parts Inc.,58.43,USD,-0.4599659284497497,Retail trade,Specialty stores,NYSE,86805068.75,USD,1485625,4.713261648745524,-6.091288974606234,1.5644011819920016,1.599721787515218,3523328974.0,USD,United States,1.2609776,4613554,1760421.8333333333,1.5983707838414605,1.8891139177684704,-0.1780606252395884,-0.6663011987658501,56.41955782106311,56.37994173758389,56.52181744950028,53.976737308676725,57.48776303622763,56.40506527359086,53.995662348532704,74.95721506121586,2026-07-30
TTWO,"Take-Two Interactive Software, Inc.",246.43,USD,-0.4805750747112502,Technology services,Packaged software,NASDAQ,611571984.61,USD,2481727,6.380315130584934,-1.4201136090887203,15.434701142964222,8.487783403037641,46077588024.0,USD,United States,1.1393424,6454395,2572277.2666666666,5.16348913219656,2.270293407887686,1.5553275412558776,1.7824945312182867,240.9653426131628,240.1977874001191,234.759870534568,227.10406258777823,235.4015488414168,229.94756676411896,225.24105192888524,190.9043327202597,2026-07-30
AAPL,Apple Inc.,338.19,USD,-0.5557515878616757,Electronic technology,Telecommunications equipment,NASDAQ,18969322625.94,USD,56090726,1.5524593117530527,16.875172795134084,25.02402957486137,57.90358351815103,4967117112098.0,USD,United States,1.1637026,157554179,60357028.96666708,17.734721122830535,13.735335472748204,9.608693573393566,8.436700621618174,330.8389176009746,323.1052114054161,308.9793972972644,278.21074156455614,314.7626349369994,299.8019162826091,275.3315551087311,219.4070284005475,2026-07-30
TVTX,"Travere Therapeutics, Inc.",55.56,USD,-0.6260060812019216,Health technology,Pharmaceuticals: major,NASDAQ,64352147.760000005,USD,1158246,-3.1380753138075264,-2.2003168456257702,36.10975012248898,256.8400770712909,5166685911.0,USD,United States,2.2442424,3939100,1763869.1333333333,6.933782781090741,6.203903384464239,0.8340252302750955,1.313332251794917,56.3397394428858,56.0585068887253,52.43345571734627,39.47285861836124,53.35414569042912,47.8071456950424,37.98372771044289,24.70175061267095,2026-07-30
ANF,Abercrombie & Fitch Company,102.49,USD,-0.6494765412950773,Retail trade,Apparel/Footwear retail,NYSE,104918090.59,USD,1023691,9.252744909924306,13.865126097100312,22.128217349857,2.674814666399521,4553805790.000001,USD,United States,1.6070932,3456102,1133868.3333333333,1.012375345509568,-1.136974328146665,3.349799873353774,2.71451956992294,97.18850761613676,94.45587900985096,90.2725891199311,90.78317355921588,92.21546107336032,90.50357845687134,92.12911343796392,85.28663129818753,2026-07-30
BFH,"Bread Financial Holdings, Inc.",106.99,USD,-0.7329745778437616,Finance,Finance/Rental/Leasing,NYSE,77373670.14,USD,723186,2.569264691784098,-1.255191508998615,26.600402319252147,66.00465477114041,4110477568.000001,USD,United States,1.0928972,2559417,748866.5333333333,8.196690840793906,7.375306184311067,2.028366189244906,1.4101298410272722,103.91262062309173,102.2489671227343,97.90924058268853,82.37601400505783,99.355874198143,92.8971541024398,80.60133103872508,64.09477416876928,2026-07-30
NTAP,"NetApp, Inc.",173.23,USD,-0.744857617601565,Electronic technology,Computer peripherals,NASDAQ,651264594.51,USD,3759537,3.2729223798736022,11.934608425949856,59.4385641969627,60.90469998142299,33993661440.000008,USD,United States,1.2170334,8271072,2910756.833333333,16.271082587011335,13.25695740271096,3.9333726821940047,3.589383588432285,168.50087563551966,165.6749491846471,155.48388863338445,128.0983033423779,158.6043643681115,144.74206277824914,127.06375598994086,104.47033964435492,2026-07-30
IMVT,"Immunovant, Inc.",38.61,USD,-0.7455012853470415,Health technology,Biotechnology,NASDAQ,62560825.47,USD,1620327,-2.029941639177866,0.2076304178562115,42.94705664568677,130.92105263157896,7969194618.000001,USD,United States,1.4248011,3448493,1384277.8666666667,3.964458489516773,3.359118651473966,0.8670839497124945,1.2298370795523443,39.26018966929404,38.84486090289767,36.23624132369338,29.017254754097447,36.84719168030151,33.60710223152359,28.52275253872534,24.10332590420681,2026-07-30
BHP,BHP Group Limited,83.11,USD,-0.8115526912519475,Non-energy minerals,Steel,NYSE,252989831.96,USD,3044036,-0.7286192068800758,-0.2400672188212733,5.778286877943244,58.72803666921314,212506481064.12448,USD,Australia,1.3110178,7386400,2604559.2333333334,4.100217475612553,5.085000238333011,-0.1100787888194361,-0.4068804466051908,83.19987049567477,83.13970561018394,83.04050848866524,73.88593478376957,82.89666998923654,80.4020866067472,71.95036525070486,60.80170169387701,2026-07-30
SHOP,Shopify Inc.,129.17,USD,-0.8520110531163753,Commercial services,Miscellaneous commercial services,NASDAQ,971622552.65,USD,7522045,13.556043956043943,13.128393764231896,6.937660402351173,2.03404557841936,167618047159.7781,USD,Canada,2.1727028,29096012,8407979.166666666,-2.7417179117862247,-5.040524668917823,2.5943678391632403,2.246309284043118,123.52436993469242,121.47953274237288,118.48948487093855,124.022129902847,118.9866015787392,120.01381072919575,123.532635303085,101.29592690185756,2026-07-30
RH,RH,176.14,USD,-0.8667266996848382,Retail trade,Specialty stores,NYSE,124523582.12,USD,706958,0.9340438943327004,6.92648576458447,33.02620647987312,-18.66081736319558,3329216588.9999995,USD,United States,1.5503917,1902049,846966.8,1.187354332277124,-5.288975620818244,5.7527815449494994,6.886034891798998,176.2837461373302,172.62569237924913,162.05861469050888,169.4956835747769,164.8271127635718,160.37600093515684,175.7878771000325,243.77824932232065,2026-07-30
JLL,Jones Lang LaSalle Incorporated,340.0,USD,-0.897749795965951,Finance,Real estate development,NYSE,229705020.0,USD,675603,4.47073283146413,9.695112114857238,3.497610422818182,25.925925925925927,15773815079.0,USD,United States,1.0781549,1411477,407976.0333333333,4.192823393228196,0.8535878056771508,6.660962031170243,5.840189854505637,330.9691037143645,325.6676074202635,317.6690761418461,309.4785517731327,321.1498237580713,316.9022886052648,306.9567002306876,250.74671934382135,2026-07-30
GM,General Motors Company,89.4,USD,-0.996677740863778,Consumer durables,Motor vehicles,NYSE,713620480.8000001,USD,7982332,8.180058083252668,15.983393876491968,15.92323651452282,66.20189626324597,78444168844.0,USD,United States,1.1661267,31236361,8430888.966666667,2.170450178392528,1.8455408822516244,2.2088481597803598,0.7068067828841323,83.75914350021593,81.41505065895461,79.8144888660525,74.8247708751841,80.77091817037365,79.1953920826704,73.51939003120137,56.34741615131811,2026-07-30
NWG,NatWest Group plc,17.58,USD,-1.0135135135135318,Finance,Major banks,NYSE,86582326.25999999,USD,4925047,-2.17028380634391,-0.2836074872376671,12.260536398467424,24.769339957416594,70635902440.1688,USD,United Kingdom,1.4368223,16396089,5002231.6,0.5291205102106744,0.3475164202502709,0.2458465797089424,0.3198071192409913,17.866254279011585,17.727465202847895,17.16993617161488,16.068917739257444,17.25016388078729,16.783593526470547,15.80374008360945,11.59502417345212,2026-07-30
DASH,"DoorDash, Inc.",193.53,USD,-1.0177986906710357,Transportation,Air freight/Couriers,NASDAQ,750778733.76,USD,3879392,11.925279046903016,4.877255730775484,14.291619913777824,-21.93223073820089,84324649427.0,USD,United States,1.9002554,11243847,4488335.733333333,-1.9317419241379523,-6.698073356365991,3.0050835490338272,3.39277568917563,185.9229134430213,184.0975293941291,178.0213388142379,186.20993136237848,179.40963410053985,178.2490948649198,187.1338413993289,164.13094661269133,2026-07-30
ETSY,"Etsy, Inc.",85.58,USD,-1.0292587024401534,Retail trade,Internet retail,NYSE,161236913.42,USD,1884049,6.152319523691384,13.606796760918623,27.029835238236597,36.02479535881745,8121219760.0,USD,United States,2.249709,7637532,2786946.8666666667,6.887866619726438,4.829149435038939,2.956025161931123,3.028813292296427,83.13958043464429,81.06769302054227,75.17547956995857,64.2582598791272,76.89387386007056,70.69258105795824,63.91023273330538,71.97794814971756,2026-07-30
HSBC,"HSBC Holdings, plc.",102.6,USD,-1.0607521697203557,Finance,Major banks,NYSE,153230637.6,USD,1493476,-0.7736943907156782,7.897781049532012,12.697715289982412,57.31370745170192,355225799305.188,USD,United Kingdom,1.2532197,3488963,1295075.5,5.531286971424237,4.919745789310437,2.300294475066849,2.133943605907778,101.98565415652892,100.20808469839407,96.54586120766577,85.38812595627934,97.62556022453457,93.36524357067177,83.39758423557961,59.37353042018604,2026-07-30
XYZ,"Block, Inc.",82.18,USD,-1.1070998796630416,Commercial services,Miscellaneous commercial services,NYSE,410407823.98,USD,4994011,6.5197666882696055,8.13157894736843,17.685808391808692,3.111668757841912,48912200701.0,USD,United States,1.9449924,14200013,5427813.366666666,3.795230700027005,2.704427052927484,1.6810249736898015,1.6192333545048911,80.09660177729009,78.86965659119608,75.64100722998153,69.92046725671136,76.50367682162782,73.0566200450884,69.9338275734621,76.24985355987076,2026-07-30
UAA,"Under Armour, Inc.",7.06,USD,-1.1204481792717098,Consumer non-durables,Apparel/Footwear,NYSE,51162499.78,USD,7246813,0.4267425320056807,10.485133020344287,13.870967741935477,-1.1204481792717098,2979398287.0,USD,United States,1.1844712,22187759,8780558.966666667,0.2744355697899525,0.1572118186294637,0.2484718134027081,0.2766316226771413,7.045864145900304,6.873609372293998,6.497231393900496,6.135051944643337,6.650809620403553,6.394734047267467,6.208458986102825,8.255860786372171,2026-07-30
RACE,Ferrari N.V.,385.69,USD,-1.1406161890603344,Consumer durables,Motor vehicles,NYSE,323986928.11,USD,840019,7.094463264286115,3.599344596953981,13.15866682314283,-24.257182694762477,91185144625.42152,USD,Italy,1.4458505,2189818,478449.0333333333,0.9257690018602602,-5.136015343411669,4.5182994819467694,4.263006356096327,376.5578881084537,373.3582990029912,364.6894395739757,373.5131847972056,367.5861772810882,363.1570151854776,378.9235133412214,363.8008381582052,2026-07-30
ICLR,ICON plc,178.18,USD,-1.142920550377276,Commercial services,Miscellaneous commercial services,NASDAQ,280093970.96000004,USD,1571972,7.492760617760628,2.573254274365321,54.73729917498914,-4.481612522783309,13642766193.0,USD,Ireland,1.5474453,4140644,929382.7666666668,8.441588093466521,1.6747345643462626,5.477628490880221,5.769272131393256,171.6356397676101,168.04430866227392,155.58318561957822,149.2526792924615,159.50089307452,149.43235537307226,153.14660046695226,193.6544926158872,2026-07-30
WAT,Waters Corporation,379.48,USD,-1.151341495181026,Health technology,Medical specialties,NYSE,274400090.6,USD,723095,1.2810931995302688,1.183873720136518,28.776978417266196,25.435494000595,37259568215.0,USD,United States,1.1781468,2446166,914752.2666666668,10.007539045307794,5.730570259466136,3.3446594385802086,3.252924476710451,375.56523939661423,373.3269771794082,364.26627254284,349.3013354393024,367.0989303990787,357.3153273348981,349.6195319285748,329.8634726354102,2026-07-30
SWK,"Stanley Black & Decker, Inc.",93.05,USD,-1.2103195668329978,Consumer durables,Tools & hardware,NYSE,401008373.05,USD,4309601,1.9614288845057983,-1.1368465788355369,21.904886676274074,36.39695104075052,14465140929.0,USD,United States,1.2546331,10007270,1787792.3333333333,4.177001747189735,2.862156584902797,1.831473129934608,1.601613660586223,91.14583423509744,89.77867424001238,86.17155003307295,79.83307093031125,87.80569635065244,84.05285981682816,80.07880160019022,90.52231211759832,2026-07-30
SHC,Sotera Health Company,17.53,USD,-1.2950450450450472,Health technology,Medical specialties,NASDAQ,71466146.23,USD,4076791,1.0374639769452432,-1.239436619718303,13.389391979301424,42.40454914703494,4998977568.999999,USD,United States,1.9849771,12146852,3007712.6666666665,0.4812509526859365,0.2629311629637314,0.1833769155481306,0.2960593782924247,17.556877258510053,17.487998710060815,16.943484220258394,16.058900460949197,17.091131708295997,16.636426483512277,15.961646376694404,16.31643524720636,2026-07-30
CORT,Corcept Therapeutics Incorporated,92.95,USD,-1.3164879498885178,Health technology,Pharmaceuticals: major,NASDAQ,144131616.20000002,USD,1550636,-2.527265100671137,6.900517538815411,97.89227166276346,34.417932031814885,9978330243.0,USD,United States,1.2452387,3792954,1124917.7666666666,10.867485701956298,6.969943806766684,3.4905085548960244,4.126592574398176,92.7592002812194,90.6748953795138,81.29700462705199,65.2637276963745,83.89858249719326,73.5373465529308,65.26968312728253,48.98018014340111,2026-07-30
RYTM,"Rhythm Pharmaceuticals, Inc.",106.53,USD,-1.397630507219553,Health technology,Pharmaceuticals: major,NASDAQ,53498726.82,USD,502194,4.338883447600399,-4.05295865982167,29.851292052657232,23.973001280111717,7307272598.0,USD,United States,1.1903838,2377354,870831.2,3.4559811831145737,1.4962865114115125,1.135300425894599,2.022364469071939,106.14467980838364,105.89973982477274,101.57524079600311,94.844920882539,101.9106023174756,98.43086508345992,93.02092940110892,63.923628333223824,2026-07-30
SHOO,"Steven Madden, Ltd.",43.4,USD,-1.4979573309124006,Consumer non-durables,Apparel/Footwear,NASDAQ,60422651.8,USD,1392227,1.5204678362573063,3.087885985748212,18.25613079019072,61.51842203200594,3171907945.0000005,USD,United States,1.2250249,3161294,1125363.2,1.534221775402564,1.465271350833613,0.3597972727662153,0.2167905260429065,43.12022988128559,42.79392884932967,42.05265345565204,39.03727274537634,42.42548304463089,41.267668529900455,38.82500197225975,36.80088890273714,2026-07-30
YETI,"YETI Holdings, Inc.",51.09,USD,-1.5037593984962292,Producer manufacturing,Miscellaneous manufacturing,NYSE,57213187.59,USD,1119851,1.4092894005557777,3.08716707021792,31.913245546088323,32.494813278008294,3870492768.0,USD,United States,1.1353387,3410641,1129082.8333333333,2.710186658906373,2.192868867690678,0.8622084612948058,0.8188116923168733,50.71433459387504,50.09518005513028,48.13367047531262,43.25245867323218,48.98591059504175,46.72767409133462,43.08167947465807,41.44691600918803,2026-07-30
PANW,"Palo Alto Networks, Inc.",314.15,USD,-1.5203761755485965,Technology services,Packaged software,NASDAQ,1992854506.0,USD,6343640,-2.977238333487768,-7.879303266670579,73.7074923970141,52.49999999999999,256032245026.0,USD,United States,1.4369015,18079784,7034548.833333335,40.03615662930417,31.700246241495343,5.919621525108369,12.558453242898,327.5046860029407,326.8820839605449,299.08495694041585,230.78981943386216,303.60243242308604,268.87812127341,227.13395003421437,168.65723489558488,2026-07-30
TXG,"10x Genomics, Inc.",46.32,USD,-1.5515409139213538,Health technology,Biotechnology,NASDAQ,110747090.16,USD,2390913,0.1080613788631881,20.81377151799686,122.26487523992324,215.74642126789365,5880610743.999999,USD,United States,1.339931,7072690,3259276.1,6.810715160250727,4.934853169633709,3.3599340881153665,3.589834585757253,45.69342698925085,43.35533038805399,37.15301101162624,25.597856232985052,38.63274773201695,32.67578080556406,25.082952647829597,37.582740041863424,2026-07-30
RVMD,"Revolution Medicines, Inc.",180.92,USD,-1.5990427499184303,Health technology,Pharmaceuticals: other,NASDAQ,415995326.36,USD,2299333,-4.39148126618401,-3.395984621956436,27.921940182422382,382.45333333333326,38462952251.00001,USD,United States,2.717207,6126818,2785414.8,24.60533580706445,22.954487278653755,3.903897729810211,5.422226707999455,184.65125601996135,182.7338095807782,170.43907817021594,123.00411041362456,173.2917781668736,154.3150667148821,116.9632875283517,64.86053217861183,2026-07-30
BLK,"BlackRock, Inc.",1079.19,USD,-1.6728167281672726,Finance,Investment managers,NYSE,1210777795.0800002,USD,1121932,2.2279689675750927,12.233245975290169,3.668587896253608,-3.931098945119496,175478786948.0,USD,United States,1.110263,2864124,900300.8333333334,0.2072988193083347,-6.059467965313381,14.710156707049237,10.135408586780112,1062.3355422324332,1048.7037242907077,1037.5834168321005,1042.403311770643,1044.3423277857312,1041.3284495617368,1040.4337521258158,917.5761777383042,2026-07-30
CRBG,Corebridge Financial Inc.,31.75,USD,-1.7332095326524366,Finance,Life/Health insurance,NYSE,140329189.75,USD,4419817,1.4701182486417412,10.897659797415304,18.8248502994012,-11.805555555555555,14153152579.999998,USD,United States,1.2420957,13282923,4178162.4,0.7056069615556737,0.015042457608219,0.8020685203663938,0.8303490677012908,31.50340883156268,30.93025677803541,29.560896172539167,29.00692046150203,29.946132327601376,29.044254264281665,29.237529156361656,26.32015184736326,2026-07-30
ENVA,"Enova International, Inc.",244.71,USD,-1.738676517828455,Finance,Finance/Rental/Leasing,NYSE,131564905.56,USD,537636,3.1356682260715627,1.6533045320483604,46.48030647671496,131.4261395876679,6092880472.0,USD,United States,1.1414976,1542145,458178.6666666667,25.715846586473333,19.27121564330472,9.317840210021131,9.69546118663543,237.85552687125207,231.616101080634,211.38578271283683,166.67611883670125,218.10292299045443,195.92791794656893,163.05582481330492,103.1404080046377,2026-07-30
COF,Capital One Financial Corporation,208.71,USD,-1.7419142224942274,Finance,Major banks,NYSE,861992962.2900001,USD,4130099,2.8939065273121694,4.032499252317816,9.916789551295562,-2.925581395348833,128040417195.99998,USD,United States,1.2413692,14200149,4699137.366666666,-0.1930493563341713,-3.1538317323653566,2.912047795415532,2.976959972956492,206.3651988903508,204.32136967590864,199.57586441843915,201.18162604583864,201.04146071528703,199.772080861599,201.05970994837904,169.79976746522516,2026-07-30
AEG,Aegon Ltd. New York Registry Shares,9.02,USD,-1.7429193899782152,Finance,Multi-line insurance,NYSE,78654210.58,USD,8719979,-1.2048192771084467,6.872037914691945,11.633663366336627,24.07152682255846,13698962085.991852,USD,Netherlands,1.1286759,19870327,5344207.733333333,0.3680377335015663,0.2977704045402732,0.1594857468712245,0.1588325917736339,9.056027658983876,8.936956989986575,8.659853618889503,7.986313087964759,8.715921076502672,8.407690876582155,7.89653099580022,6.60436151078404,2026-07-30
CROX,"Crocs, Inc.",133.52,USD,-1.7801971457996082,Consumer non-durables,Apparel/Footwear,NASDAQ,151307801.44,USD,1133222,-0.8907363420427469,10.676392572944303,38.47749429578926,27.14979525759452,6634561970.0,USD,United States,1.0222006,3313868,1036894.6333333332,11.691560630863563,9.545186832911494,3.4824327472700816,3.8922533832368567,134.0298168170008,131.7241274985575,123.8267278711346,105.15201675491556,126.50169159669366,116.56198198015171,105.13179889391898,100.39015892434688,2026-07-30
VIK,Viking Holdings Ltd,102.66,USD,-1.798354696766797,Consumer services,Hotels/Resorts/Cruise lines,NYSE,157062100.5,USD,1529925,1.936252606493896,-1.9203210088850724,27.369727047146405,77.24447513812153,45802490580.0,USD,Bermuda,1.0411407,6951103,2422636.6666666665,8.087148395791132,7.324607264184125,1.6863485820475432,1.533865789171668,101.16168922953264,99.9783960811266,95.60101137601212,79.73400680058586,96.63875758615332,90.30467159684537,77.48305272898526,,2026-07-30
GGB,Gerdau S.A.,4.86,USD,-1.8181818181818152,Non-energy minerals,Steel,NYSE,57029976.18000001,USD,11734563,1.0395010395010542,20.297029702970303,7.048458149779742,65.8703071672355,8936536475.007399,USD,Brazil,1.2898943,39772120,16679018.866666649,0.2262449560820387,0.2131395974071872,0.1262348187010014,0.0887164227111699,4.768013372038069,4.652199254739179,4.521845423756447,4.076940002894608,4.557924872248023,4.389719163539418,4.0000031296816605,3.667766099336048,2026-07-30
HOG,"Harley-Davidson, Inc.",24.83,USD,-1.8189007512850963,Consumer durables,Motor vehicles,NYSE,74492557.49,USD,3000103,-2.5892506865437435,1.5126737530662202,5.614632071458939,3.114617940199336,2613811953.0,USD,United States,1.0009671,9572907,3130680.8666666667,0.8362518091533495,0.6662901947150752,0.1520736948204941,0.3719233872787567,25.799330410334388,25.785223517217734,25.119417274618023,23.9485015372508,25.02519143092208,24.253816732579303,24.18516681067589,29.5724077845224,2026-07-30
BRKR,Bruker Corporation,61.74,USD,-1.8597997138769589,Health technology,Medical specialties,NASDAQ,163949767.38,USD,2655487,2.133995037220842,2.5922233300099737,78.07903086241707,40.31818181818182,9398410758.0,USD,United States,1.7713095,7060183,2058615.6666666667,5.435761207478947,4.142760248375184,1.3563636667978187,1.352051555134541,60.63144267545621,59.735175246932,55.96645461466328,47.510260242142735,57.20467446242622,52.42519835283946,47.65963915852629,53.22308166425168,2026-07-30
BC,Brunswick Corporation,80.46,USD,-1.8900134129984285,Producer manufacturing,Trucks/Construction/Farm machinery,NYSE,82994731.38,USD,1031503,0.6756756756756658,-4.487179487179489,-0.4454342984409793,32.335526315789465,5227842891.999999,USD,United States,1.3254269,2422270,706167.5,1.5099860795036335,2.0068573299434203,-0.0471331299885662,-0.2791317420078441,80.4642177214747,80.40786133798896,80.3687635132325,76.52363829442734,80.57324100585349,79.77865459564138,75.90962671350457,73.97698294443396,2026-07-30
UNH,UnitedHealth Group Incorporated,420.57,USD,-1.9170223186175115,Health services,Managed health care,NYSE,2212497225.27,USD,5260711,-0.0404050007130332,1.1885571301397873,14.127160728338444,58.28754234098608,381938275151.0,USD,United States,1.2460164,15797329,6128275.066666666,27.32394012363295,22.910497509470776,4.115649307215847,5.959886719612113,423.9514830805772,422.1334238352256,406.17900122653504,365.3894850983977,409.4380886496624,385.937353257921,368.3404147321018,413.7439669893599,2026-07-30
ITUB,Itau Unibanco Banco Holding SA,8.15,USD,-1.9253910950661868,Finance,Major banks,NYSE,171941136.8,USD,21097072,-1.5700483091787325,-0.2447980416156618,-6.105990783410131,35.833302091673865,92208660037.1048,USD,Brazil,1.1675067,51545858,20994618.73333334,0.0831445379703232,0.1190148411802474,0.0536874087418492,0.0829476497857626,8.3068808354745,8.278325974121847,8.213578448323346,7.8850354435252115,8.191794579527535,8.165155916561543,7.741228071776575,6.269292606104233,2026-07-30
SCCO,Southern Copper Corporation,175.47,USD,-1.9501564595440373,Non-energy minerals,Other metals/Minerals,NYSE,168856886.64,USD,962312,-2.1306263595292507,0.6943647423390382,2.5902759897233083,87.70177405187692,146399621370.99997,USD,United States,2.2080524,3574308,1294609.166666667,4.107167079374648,6.71438433582156,0.267724034759226,0.1232162700135453,179.41569012777595,179.03183172957148,179.41141454986544,164.75428861777493,177.53459969180935,176.28401338920912,159.30051936194818,111.09085497166028,2026-07-30
JXN,Jackson Financial Inc.,120.46,USD,-2.017244184154876,Finance,Life/Health insurance,NYSE,78553531.97999999,USD,652113,0.9892689470154196,17.648207832796164,5.824475094439072,35.54630358951276,8401254127.000001,USD,United States,1.0238789,1659717,662215.8666666667,3.3063059696843453,2.079137661377268,3.295883452064004,3.4948155969166423,120.64467959731482,118.20652616782216,113.8377519431378,107.19453955264636,114.57026349925628,111.69654372371744,105.78902613949644,75.84650827846971,2026-07-30
AAMI,Acadian Asset Management Inc.,80.83,USD,-2.024242424242426,Finance,Investment managers,NYSE,79210409.28999999,USD,979963,-0.0618199802176028,13.01733780760627,24.449576597382595,100.72013906133596,2879891341.0,USD,United States,1.5654014,1672455,568536.0666666667,7.417440505715064,6.920278713079735,1.8308887246038097,2.03343056692999,81.50419708625573,80.2535459022488,76.28908880355803,61.58255875902295,76.8142437388107,71.10139407733669,59.2982860972045,37.78639461769691,2026-07-30
SYRE,"Spyre Therapeutics, Inc.",97.87,USD,-2.090836334533803,Health technology,Pharmaceuticals: major,NASDAQ,119069522.83,USD,1216609,-4.171154411044738,10.23879252083803,35.31038296695701,473.0093676814989,8499153136.999999,USD,United States,1.9170408,3399499,1609555.4,15.484465208683574,14.04452172625542,3.800408135282197,4.407913478173827,99.03523465249133,96.60114817323152,87.80497471452574,58.966025704688974,89.7619696953765,77.58198861007344,55.99760227752173,47.68053532194097,2026-07-30
EQH,"Equitable Holdings, Inc.",48.35,USD,-2.1056894108119035,Finance,Life/Health insurance,NYSE,145218741.5,USD,3003490,0.7291666666666696,10.18687329079307,17.070217917675556,-8.21943811693242,13197526639.0,USD,United States,1.3653489,8751547,3192147.6,0.969909519926766,-0.0561207237321669,1.1425221155905874,1.239215382684534,48.30174416235506,47.51096832340343,45.49913280740065,44.81687697206405,45.9580247226988,44.66667911931431,45.13403911793012,40.83884113272075,2026-07-30
MUFG,"Mitsubishi UFJ Financial Group, Inc.",21.94,USD,-2.184574230940697,Finance,Major banks,NYSE,85378983.44,USD,3891476,-4.150283966797725,10.306686777275017,23.95480225988702,55.27246992215145,249455872218.0,USD,Japan,1.0144931,10718070,3379446.533333333,1.3150419379446028,1.0666186767851698,0.592008455449129,0.6211853126395938,22.26113175111701,21.840224590351,20.7627286130156,18.18902031093252,20.943573952952622,19.86235904865876,17.850133628829045,12.775007888658545,2026-07-30
BBD,Banco Bradesco Sa,3.54,USD,-2.2099447513812174,Finance,Major banks,NYSE,95124306.42,USD,26871273,-1.666666666666668,2.017291066282416,-7.571801566579635,28.727272727272727,35341255756.8098,USD,Brazil,1.0824876,57157043,33758919.6,-0.0142955858758537,0.0018629866207048,0.0342175884015554,0.0358269194596618,3.6023468055842174,3.574730438274448,3.5639121859339347,3.513177009905716,3.5501231408639167,3.577331218638072,3.4543524072699947,3.2340149352858534,2026-07-30
NCLH,Norwegian Cruise Line Holdings Ltd.,20.75,USD,-2.2148916116870825,Consumer services,Hotels/Resorts/Cruise lines,NYSE,362308778.0,USD,17460664,7.124419204956112,-1.7053529133112242,14.451185879757316,-10.560344827586205,9526535362.000002,USD,United States,1.1240951,56534536,15596022.633333333,-0.2157829903930519,-0.5052787063171446,0.2105867583528429,0.1049878347732845,19.981394873999704,19.800088510684358,19.472778719488563,20.18095915323345,19.66780308365428,19.683649106219352,20.36043872073258,21.198713897933928,2026-07-30
HEI,Heico Corporation,355.23,USD,-2.258969843715601,Electronic technology,Aerospace & defense,NYSE,180292723.74,USD,507538,1.607505506135409,-0.2695190768971559,35.900378744404925,9.230958457612015,41368801542.0,USD,United States,1.1177549,1380980,456527.1,12.283927260034204,7.23010547959217,4.389304050784062,4.135062833873109,350.6115710245536,347.6924411089743,336.13020793068966,316.1137784184505,340.44679110490057,328.71887895809743,314.2863549594489,250.0524798642342,2026-07-30
COMP,"Compass, Inc.",11.61,USD,-2.272727272727284,Finance,Real estate development,NYSE,178664803.92,USD,15388872,4.878048780487797,-5.839416058394166,53.9787798408488,57.53052917232021,8791968401.0,USD,United States,1.7792021,39310110,14939328.066666666,0.6756633305737072,0.2959802467488378,0.3264309679405581,0.4719632735992281,11.586343374317,11.438871086644172,10.54480609995014,9.398644819889444,10.737777247377318,10.056339226355796,9.30045907253078,7.690729259553253,2026-07-30
ING,"ING Group, N.V.",32.51,USD,-2.3137019230769327,Finance,Major banks,NYSE,109351188.67,USD,3363617,-0.974718245507159,3.601019757807518,14.431538190777887,37.40490278951816,91858460825.27512,USD,Netherlands,1.4470474,7405701,3340939.066666667,1.461095361456696,1.2698756292932898,0.4899144942158884,0.5458180398413505,32.82931018066193,32.50210993156226,31.47857056598672,28.417065037624717,31.55612098853606,30.402946405122563,27.809321653712725,20.61634497163319,2026-07-30
LYG,Lloyds Banking Group Plc,5.87,USD,-2.3294509151414258,Finance,Major banks,NYSE,137049056.03,USD,23347369,-2.49169435215946,0.6861063464837056,9.514925373134323,37.47072599531618,86342713419.18599,USD,United Kingdom,1.3045937,58517156,19950599.03333333,0.2148543994762279,0.1771719182348028,0.0852276313359032,0.1109099513024548,5.993294487437784,5.944188498875758,5.760458168853799,5.2870814170355125,5.778082530753304,5.607755278999025,5.175461631674104,3.821369990758525,2026-07-30
CRL,"Charles River Laboratories International, Inc.",234.8,USD,-2.341637898764711,Commercial services,Miscellaneous commercial services,NYSE,247585564.4,USD,1054453,3.627857710300997,3.5319017593368405,43.91664112779651,31.79164795689269,11309783677.0,USD,United States,1.3968811,3032711,908583.9,14.11348043872519,7.766170916820029,7.551479605828746,8.384834009725918,228.8866433883273,224.02387640901844,208.4138355174956,186.8342004455163,213.1484302933939,199.62002812608932,186.65207096995755,194.6065503518269,2026-07-30
MT,Arcelor Mittal NY Registry Shares NEW,65.7,USD,-2.3774145616641817,Non-energy minerals,Steel,NYSE,125329122.9,USD,1907597,-1.764354066985635,9.099966788442384,13.10036150800482,99.33252427184466,49257797401.08186,USD,Luxembourg,1.7255554,5734036,1691402.7333333334,4.066530418043186,4.517169652655314,0.6498018862216952,0.5276875110485835,66.30713223752394,65.75229834342917,64.56545114837223,55.48608854305223,64.86830244149958,62.18327920573976,53.57489976909981,37.14914049417071,2026-07-30
ERAS,"Erasca, Inc.",17.72,USD,-2.422907488986791,Health technology,Pharmaceuticals: major,NASDAQ,74357231.03999999,USD,4196232,-7.273678702250135,-3.2751091703056847,93.87308533916844,930.2325581395348,6151097483.000001,USD,United States,1.5008324,11544944,5678877.133333334,2.281975441932948,2.101875271433551,0.7407564851363801,1.0900869701485427,18.69133753339933,18.319407031985957,16.668055674377236,11.798599443148236,16.764537376828148,15.061566980738371,11.050108612836178,7.316104851970235,2026-07-30
SMFG,Sumitomo Mitsui Financial Group Inc Unsponsored,24.96,USD,-2.4618991793669363,Finance,Major banks,NYSE,59896062.72,USD,2399682,-4.66004583651642,5.852417302798994,18.970448045757863,60.82474226804125,160606047922.46307,USD,Japan,1.2637644,5864035,1921418.8666666667,1.514471007301644,1.343622652170558,0.4376808972972625,0.5654650323380404,25.65034657002726,25.396951769956218,24.346631453825296,21.22594269398564,24.453645013755843,23.265942525155968,20.783446092312257,14.900866758101737,2026-07-30
JHX,James Hardie Industries plc.,26.19,USD,-2.6031982149497925,Non-energy minerals,Construction materials,NYSE,278862032.07,USD,10647653,-1.3187641296156665,0.0381970970206324,26.582890285161916,-3.960396039603954,15199019294.000002,USD,Ireland,1.2222083,24293146,7609070.033333333,1.177437518217488,0.6920602040001731,0.5360057976366441,0.5157129982454023,26.03141142860703,25.654243245403347,24.50132922332592,23.13074714817196,24.941029253041403,23.7910657489701,23.490813312475748,26.25198439964718,2026-07-30
OSCR,"Oscar Health, Inc.",30.57,USD,-2.6433121019108228,Health services,Managed health care,NYSE,173147379.48,USD,5663964,8.442710180915213,7.187938288920059,71.54882154882155,113.77622377622376,8128624305.0,USD,United States,3.0263803,16578101,5409327.7,3.9014315090543192,3.22491146315024,0.50754798844061,0.7326385649108405,29.867468857611083,29.68296998593105,27.37882800967759,20.708957528408355,27.791435243386736,24.474176712278897,20.25352398381535,15.214400506984656,2026-07-30
REZI,"Resideo Technologies, Inc.",35.67,USD,-2.6739427012278223,Distribution services,Electronics distributors,NYSE,67757483.55,USD,1899565,3.271569195136081,14.69453376205788,-11.20238984316654,42.338387869114136,5401374757.0,USD,United States,2.145285,4375092,1697323.4666666666,-0.216807813406028,-0.4271361388731003,0.9274797627804928,0.8495027002224609,35.13150853233688,34.37109550199747,33.671218467531574,33.5804404295952,33.84371525037523,34.002256946797495,33.06968112060543,26.165588837517983,2026-07-30
MFG,"Mizuho Financial Group, Inc. Sponosred",9.81,USD,-2.7750247770069314,Finance,Major banks,NYSE,74751062.04,USD,7619884,-7.714016933207904,2.400835073068898,14.87119437939112,64.87394957983194,121000674439.125,USD,Japan,1.3652406,16327707,4299499.1,0.6169854730046662,0.5791772884197595,0.1306672634596992,0.1999142695449377,10.252269782855024,10.19259544051768,9.80834215764676,8.483943013911128,9.833922581446954,9.36652232018536,8.271887136109779,5.697399361827118,2026-07-30
RGEN,Repligen Corporation,141.23,USD,-2.82785193339756,Health technology,Pharmaceuticals: major,NASDAQ,213826456.9,USD,1514030,7.024856016974828,3.510700674289059,23.79908835904628,12.08730158730158,7970402280.0,USD,United States,1.226385,5479077,1256746.1333333333,1.7114601050280385,-1.0580118028442018,1.389466147856723,2.5266264051501643,139.9797961340287,139.65079570052572,134.86965136844898,134.26332801513954,136.1605277751596,133.45742951494103,135.08931489153056,146.72875936864634,2026-07-30
AXON,"Axon Enterprise, Inc.",531.2,USD,-3.003743266684914,Electronic technology,Aerospace & defense,NASDAQ,478740281.6,USD,901243,5.745112871760177,-5.246071243823686,32.83320830207554,-28.428030558212853,42815826570.0,USD,United States,1.2363596,2643059,1031783.9666666668,0.0794675440213836,-18.52939199471383,7.140295603341087,12.462639647426853,525.8898033556645,524.236095924548,498.6921399691779,516.1330761056314,499.14259199304337,488.5276382107138,521.0625774260507,432.9700105475959,2026-07-30
DYN,"Dyne Therapeutics, Inc.",25.1,USD,-3.088803088803078,Health technology,Biotechnology,NASDAQ,52840168.6,USD,2105186,2.700490998363339,13.0121566861774,43.71600343544232,164.2105263157895,4614179459.0,USD,United States,1.2037466,7772295,2759502.566666667,1.8232806807206463,1.1479999496223583,1.201593385625344,1.1646918926012255,24.479777131101766,23.59053748182823,21.64780605381723,18.871728750388197,22.168862579106065,20.50529968595414,18.738020592235912,17.68987564689777,2026-07-30
LEVI,Levi Strauss & Co,24.67,USD,-3.1029065200314183,Consumer non-durables,Apparel/Footwear,NYSE,86877033.22,USD,3521566,0.5297473512632541,-0.6443817962142433,12.187357889949991,19.35171746492501,9494263392.999998,USD,United States,1.5203534,8395819,3117232.8666666667,0.9826045412589436,0.7929339754842517,0.3354838995568947,0.3066346107012314,24.72206244440405,24.47452649829179,23.76259817986988,21.97164695249672,23.91789084626808,23.08913760126911,21.76652585977281,19.64214897930649,2026-07-30
MHK,"Mohawk Industries, Inc.",113.38,USD,-3.209834386204545,Producer manufacturing,Building products,NYSE,84416398.72,USD,744544,0.0971130926105759,-6.552377812577272,9.492998551424431,-5.43786488740618,6910867308.0,USD,United States,1.1803725,2178592,747587.5333333333,0.3542538429177,-0.9419198817901022,0.81110969688865,0.5811507934381341,112.94529067820316,112.3474556548419,110.49393280910743,111.63422860205264,111.5279882347202,110.56265327723705,112.48692867869715,119.51373799764453,2026-07-30
CMC,Commercial Metals Company,68.09,USD,-3.377323683837087,Non-energy minerals,Steel,NYSE,77185326.02000001,USD,1133578,-1.2472806381435817,8.509960159362555,1.4451728247914166,29.374881246437397,7532410649.999999,USD,United States,1.1377202,3057017,1481637.066666667,0.1666976992861464,0.854545613154156,-0.0358904674524893,-0.7682608185152158,67.82082977215296,67.46079032436663,68.45051240534998,66.794471726042,68.27089112100118,68.58022641361846,65.80082026052553,54.37846112513559,2026-07-30
BCS,Barclays PLC,26.05,USD,-3.4469977761304658,Finance,Investment banks/Brokers,NYSE,190783661.45,USD,7323749,-6.664278036546039,-3.015636634400591,12.50269920103649,31.432896064581232,88713301665.1644,USD,United Kingdom,1.5181204,26890276,5468604.833333333,1.1921101507595466,0.9656439548031512,0.2997657674899159,0.5348482158858892,27.425643819945712,27.329921739622925,26.339260473468386,23.75461182193345,26.36529924721972,25.38840984002328,23.2348947524759,16.295634148343883,2026-07-30
HRI,Herc Holdings Inc.,143.02,USD,-3.521316783594171,Finance,Finance/Rental/Leasing,NYSE,124414814.24,USD,869912,-12.036410603358137,-0.2232454304450908,7.299872458549043,3.8257713248638914,4781365561.0,USD,United States,1.5717263,2732154,621125.4666666667,4.571924113465343,2.127815936621818,2.7850279884605413,3.1476419099416084,151.27298500367075,149.38490120220726,143.63642225121603,137.64239043605895,145.1296094484116,140.39036365519456,138.64354041688642,135.11559751096658,2026-07-30
WAL,Western Alliance Bancorporation,80.7,USD,-3.526598924088467,Finance,Regional banks,NYSE,70269202.2,USD,870746,-2.899771387318008,-1.824817518248175,2.035655582248071,-0.9815950920245364,8811257907.0,USD,United States,1.2528905,2482503,1119634.0,0.2542851755689526,-0.2047141165796978,0.4704363917317664,0.4978292969010178,82.19002438231324,81.86360700508345,80.94771166280195,80.69612415684897,81.09254811052489,80.66223946818184,80.5988637302905,74.56330288530802,2026-07-30
JEF,Jefferies Financial Group Inc.,55.1,USD,-3.721824218067439,Finance,Investment banks/Brokers,NYSE,156490446.70000002,USD,2840117,-1.3605442176870712,10.244097639055632,16.811532753868985,-4.852357105853904,12703429838.000002,USD,United States,1.8891366,6298456,2456493.2,0.638492413215026,0.0156431355006979,0.4277465487403447,0.2353705991410806,55.65648075289511,55.26203521778433,54.278645069326046,53.80666664025958,54.12674892513223,53.24212593852087,53.98797512892649,49.085629775178205,2026-07-30
ELF,"e.l.f. Beauty, Inc.",80.9,USD,-3.804994054696776,Consumer non-durables,Household/Personal care,NYSE,153613243.60000002,USD,1898804,4.576008273009316,9.324324324324332,31.54471544715448,-33.14049586776859,4768006498.0,USD,United States,2.2825005,6944274,2950144.966666667,-1.599647653810706,-5.195244457828166,4.05386867026705,3.915269988790185,79.34370181861676,76.31536570818459,70.70586902032191,78.05120011435825,71.77938914537177,71.0820845236259,80.73391217895538,91.44199684081909,2026-07-30
AIR,AAR Corp.,135.4,USD,-3.835227272727276,Electronic technology,Aerospace & defense,NYSE,76616902.4,USD,565856,4.920573421154587,-5.268313160288254,26.211782252050718,75.91269325711318,5401440371.999999,USD,United States,1.0449213,1473984,549224.2666666667,9.69272777124911,9.250956545416203,1.4632963692632472,1.9372670335140505,135.0744224547011,134.4326776335647,129.182628480734,109.5342496801589,130.34035251967032,123.05110720540752,106.68298887378448,76.19588249877329,2026-07-30
FBIN,"Fortune Brands Innovations, Inc.",49.12,USD,-3.8559404971618823,Producer manufacturing,Building products,NYSE,178360663.51999998,USD,3631121,-4.193485469085246,-10.528233151183972,20.92565238798621,-12.69107714184145,5859692233.0,USD,United States,1.5091246,8342987,2694128.433333333,0.5464563716565323,-1.1357718971299071,1.32322720024019,1.8199012156655792,50.46174234234029,49.771239844370825,46.86255483560772,47.96070063521731,47.56135245078111,46.26871655444153,49.02887618037309,59.151503362414246,2026-07-30
EMR,Emerson Electric Company,145.73,USD,-4.005006257822286,Electronic technology,Electronic equipment/Instruments,NYSE,524837559.74,USD,3601438,-1.4938488576449966,1.8023052741879035,6.170770799941716,-2.8466666666666733,81623367049.0,USD,United States,1.3660812,9176862,2826308.8666666667,1.616750899025817,1.2717299389671155,1.679178263457743,0.393992153507924,144.60472183078247,142.77301023635073,141.52856394162944,138.44840651144656,142.71493915001403,141.44539921387002,137.50933750542245,117.38853973522772,2026-07-30
VVX,"V2X, Inc.",86.31,USD,-4.163890739506996,Commercial services,Miscellaneous commercial services,NYSE,80826898.32000001,USD,936472,3.278688524590175,15.759120171673818,31.509980191985388,75.03548975866964,2702407792.0,USD,United States,1.1443038,2982949,738244.6333333333,4.733636398728947,4.504577712276838,2.278951370209967,0.8007695695244283,83.13779205083912,80.76511854470499,78.3370118424214,69.2907236817868,79.22900481386714,75.66926634892546,67.90656407455127,54.78336670234394,2026-07-30
SAN,"Banco Santander, S.A. Sponsored",13.38,USD,-4.291845493562229,Finance,Major banks,NYSE,120398699.04,USD,8998408,-1.1816838995568564,-3.0434782608695645,11.407160699417162,49.49720670391064,201009578677.03677,USD,Spain,1.6223574,26983492,8892169.366666645,0.6329190410037455,0.5856655602058982,0.1131826600583743,0.1631076476284763,13.645171244284208,13.597014474426668,13.214385509939222,11.782307762947912,13.236295586164683,12.75892869460757,11.46256305923042,7.622909081036619,2026-07-30
ABVX,Abivax SA,118.84,USD,-4.338726555582388,Health technology,Pharmaceuticals: other,NASDAQ,136727321.44,USD,1150516,-5.457438345266507,-10.820951523337827,9.540049774172743,77.3731343283582,10840455123.390965,USD,France,1.291567,2829561,1957471.3,4.7184942312763525,4.487629071641306,2.040527592385501,4.631720182401088,127.75939615439174,127.4136543869458,122.25018632822596,107.4732851187309,122.48549295475418,119.39173912037656,103.28923315612086,,2026-07-30
ITRI,"Itron, Inc.",102.33,USD,-4.382358437675199,Electronic technology,Electronic equipment/Instruments,NASDAQ,276743605.59,USD,2704423,21.503205889337448,18.25956315728649,21.96662693682955,-25.46977421704298,4480698679.0,USD,United States,1.12992,11663385,948815.3666666668,-2.2575810279029724,-4.416744022235756,3.0964433382655585,1.2029527551754866,90.983529836571,87.83509180126221,85.90400677802118,93.77624850488978,87.67335865757649,88.25731737825761,95.0206413730054,91.91579886441902,2026-07-30
IVZ,Invesco Ltd,28.07,USD,-4.621134896364253,Finance,Investment managers,NYSE,180007324.07,USD,6412801,-6.214500501169393,6.366047745358089,9.60562280359235,28.525641025641026,12443336293.0,USD,United States,1.3031615,22298724,5463001.3,1.089592690488853,0.9735187927027256,0.4937671493008935,0.5942512458047767,29.358618139728364,29.023994965659856,28.146948841475574,25.65252899243028,28.15762659998513,27.323043130513167,25.154343525869745,20.762199376103453,2026-07-30
JBLU,JetBlue Airways Corporation,5.72,USD,-4.666666666666671,Transportation,Airlines,NASDAQ,515257559.96,USD,90079993,8.538899430740042,-0.1745200698080397,16.024340770791078,25.43859649122808,2158225675.0,USD,United States,2.344997,236650462,34992010.53333333,0.1846099801885143,0.1462571893310137,0.0275900643985638,0.0220650886221841,5.52997206588085,5.516908286285011,5.392129809898038,5.132073299553216,5.485986923532722,5.3263292336627055,5.184137743976045,6.7453695327726,2026-07-30
OC,Owens Corning Inc,136.37,USD,-4.722979109900085,Process industries,Containers/Packaging,NYSE,167148709.0,USD,1225700,-4.194182942250948,-14.211122294916962,11.641424478100696,-5.213039549593383,10981646648.0,USD,United States,1.6471297,2467609,1271388.1666666667,5.2955310620733655,2.834761658987365,1.8959658286639467,3.0652438594643376,140.98463352556695,140.27789126226995,134.34202445415497,128.11392601294375,135.42464772351713,130.0146895073837,129.587563589897,130.06567427960908,2026-07-30
SARO,"StandardAero, Inc.",28.73,USD,-4.7413793103448265,Transportation,Other transportation,NYSE,107458876.46,USD,3740302,0.1045296167247426,-3.945168839852891,17.12189156135344,0.8070175438596506,9551919095.999998,USD,United States,1.1670125,11972702,3880393.033333333,0.1227064744821611,-0.1510598461760475,0.373346813255182,0.2317193757295529,28.52641377244885,28.207327542373584,27.66156107338984,27.645902426740705,27.88655999370616,27.66644135125115,27.74728614149591,,2026-07-30
CLF,Cleveland-Cliffs Inc.,11.38,USD,-5.008347245409012,Non-energy minerals,Steel,NYSE,364297094.86,USD,32012047,-4.610226320201165,21.19275825346113,11.024390243902449,1.6071428571428703,6492745710.0,USD,United States,2.134805,111563130,24870744.933333334,-0.0576756799371231,-0.0623787006698466,0.1379093234853545,-0.2218271084279282,10.902015406251447,10.627279857962192,10.779231320359193,11.021229084538565,10.949293285070963,10.987606669061092,11.09933609926924,12.940854495515785,2026-07-30
VSAT,"ViaSat, Inc.",70.19,USD,-5.314987184675568,Electronic technology,Telecommunications equipment,NASDAQ,173021578.73999998,USD,2465046,-2.105997210599728,-21.84611958579223,16.59449070682607,368.24549699799866,9669057330.0,USD,United States,2.897251,5384932,2722174.6333333333,7.338848328835319,8.170775611376806,0.4189101391292382,0.6086500601458611,72.58929191775721,72.40975641646106,70.3052344413101,54.06575562281067,70.25446147815964,65.29426150662178,51.32563927254236,35.29457971016161,2026-07-30
ARCB,ArcBest Corporation,141.49,USD,-5.345196681830332,Transportation,Trucking,NASDAQ,93307136.89,USD,659461,-8.302009073233961,-1.4281733314755352,11.726152874289332,66.08756896349338,3150102169.0,USD,United States,1.1065319,1568323,428437.76666666666,15.250315387279656,15.427125252663956,1.1525954755963426,2.5281558678142875,151.0921876334002,150.95051344962528,144.51239641578792,114.76697568698812,144.71628060521607,133.34981162749938,112.00219148219723,94.31327749760548,2026-07-30
W,Wayfair Inc.,89.03,USD,-5.828220858895711,Retail trade,Specialty stores,NYSE,433035598.87,USD,4863929,5.761463530529809,-3.668037221380654,28.387050255966543,30.67664758549832,11751648493.0,USD,United States,1.6753231,13004347,3249830.466666667,1.7385980456623429,-0.2747180476637098,1.546321845361888,1.8717074528122448,89.1193026966198,88.31554802974551,84.14733680139125,80.37586206591673,84.93974220953085,82.77168714504602,79.53796664014737,78.35019488629534,2026-07-30
HUM,Humana Inc.,365.41,USD,-5.994185896941153,Health services,Managed health care,NYSE,1501968840.0600002,USD,4110366,-6.141477447857795,-8.00815668898847,50.41162426936694,58.9983465320686,43871673355.0,USD,United States,1.078588,7726271,1562387.9666666666,42.91110038026181,34.26900594871848,4.918880812045529,10.777389066839437,387.5805709627703,387.457502648997,359.08189601566943,287.41137135636103,361.6094695030998,324.0799176391395,286.392378882225,322.93395714970376,2026-07-30
PII,Polaris Inc.,67.28,USD,-6.0203939097639365,Consumer durables,Recreational products,NYSE,109228339.92,USD,1623489,-7.886089813800663,-1.6949152542372832,0.0892591490627823,19.82190560997329,3828468924.0,USD,United States,1.2419001,4581916,910937.3666666668,2.384344751182198,2.0703411407791315,1.0345205169339664,1.1850047231744796,71.33224641050163,70.60946821554249,68.5691056357335,63.8751217398488,68.72401981858407,66.7946587385938,63.707627618616144,74.91552900757918,2026-07-30
WT,"WisdomTree, Inc.",18.24,USD,-6.027820710973733,Miscellaneous,Investment trusts,NYSE,58589889.6,USD,3212165,-6.221079691516715,7.674144037780383,12.592592592592588,34.51327433628317,2789648710.0,USD,United States,1.6569624,6092445,2878130.1,1.1342235577832795,1.19129061185125,0.2721878771010999,0.4139091000946587,19.39470766783161,19.245483933062324,18.65308302145509,16.157249747178007,18.544339902511187,17.743371084352837,15.666158395926292,11.209783163570853,2026-07-30
LOGI,Logitech International S.A. - Registered Shares,102.99,USD,-7.764642665233747,Electronic technology,Computer peripherals,NASDAQ,412543438.35,USD,4005665,-2.6375496313102724,9.517226712037418,5.306748466257667,8.490466659643936,14534132112.11444,USD,Switzerland,1.7680271,7830804,1173285.5,1.1884894217799626,1.4542445466890863,0.70789471053196,-0.2574624081891798,104.7036273613178,103.66742577889303,103.53505860097724,100.97002710911607,103.45685823658631,102.62953346253268,100.33204292950082,88.41548640889195,2026-07-30
